Title,Authors,Contributors,ISBN/UID,Format,Read Status,Date Added,Last Date Read,Dates Read,Read Count,Moods,Pace,Character- or Plot-Driven?,Strong Character Development?,Loveable Characters?,Diverse Characters?,Flawed Characters?,Star Rating,Review,Content Warnings,Content Warning Description,Tags,Owned?
Premier Bilan Après l'Apocalypse,Frédéric Beigbeder,"",9782253173403,paperback,read,2025/06/17,2025/06/23,2025/06/17-2025/06/23,1,"informative, inspiring",medium,N/A,N/A,N/A,N/A,N/A,4.0,"","","","",No
Histoire de chambres,Michelle Perrot,"",9782020892797,paperback,read,2015/12/28,2014/01/01,2014/01/01,1,"",,,,,,,5.0,,"",,"",No
Des erreurs ont été commises,"David Carkeet, Marie Chabin","",,,to-read,2026/02/15,2026/02/15,2026/01/01-2026/02/15,1,"",,,,,,,3.5,"","","","",No
Jours de gloire et de tristesse: Une histoire extraordinaire de la Révolution par un Parisien ordinaire,Timothy Tackett,"",2226489851,,to-read,2025/08/30,"","",0,"",,,,,,,,,"",,"",No
La prochaine fois que tu mordras la poussière,Panayotis Pascot,"",9782253907824,paperback,read,2024/10/09,2024/10/16,2024/10/16,1,"",,,,,,,3.0,,"",,"",No
Le Retour de Martin Guerre: Suivi de Martin Guerre,"Jean-Claude Carrière, Daniel Vigne, Natalie Zemon Davis","",9791021051973,,to-read,2025/03/23,"","",0,"",,,,,,,,,"",,"",No
Le vent dans les saules,Kenneth Grahame,"Arthur Rackham (Illustrator), Gérard Joulié (Translator)",9782752905444,paperback,to-read,2023/09/30,"","",0,"",,,,,,,,,"",,"",No
Mai 67,Colombe Schneck,"","",digital,read,2015/08/07,2015/04/01,2015/04/01,1,"",,,,,,,4.0,,"",,"",No
Astérix et le Griffon,Jean-Yves Ferri,Didier Conrad (Illustrator),9782864973492,hardcover,read,2022/01/23,2022/01/23,2022/01/23,1,"",,,,,,,3.0,,"",,"",No
Tant que le café est encore chaud,Toshikazu Kawaguchi,Miyako Slocombe (Translator),9782253940920,paperback,read,2025/05/18,2025/05/19,2025/05/19,1,"",,,,,,,4.0,,"",,"",No
Une bête au paradis,Cécile Coulon,"",9782253261940,paperback,read,2022/01/17,2022/01/17,2022/01/17,1,"",,,,,,,5.0,,"",,"",No
One Piece 5: Pour qui sonne le glas,Eiichiro Oda,"",9782723434829,paperback,read,2024/06/04,2024/06/04,2024/06/04,1,"",,,,,,,4.0,,"",,"",No
L'École des Femmes / La Critique de l'École des Femmes,Molière,Bénédicte Louvat-Molozay,9782081250444,paperback,read,2022/06/19,2022/06/24,2022/06/24,1,"",,,,,,,4.0,,"",,"",No
J'écris l'Iliade,Pierre Michon,"",9782070128075,paperback,read,2025/02/27,2025/03/07,2025/03/07,1,"",,,,,,,2.0,,"",,"",No
Naufragés: Histoires vraies,Daniel Fiévet,"",9782260056621,,to-read,2025/06/16,"","",0,"",,,,,,,,,"",,"",No
Il y a quelqu'un dans la maison...,Patricia Darré,"","",digital,read,2020/05/17,2020/05/17,2020/05/17,1,"",,,,,,,2.0,,"",,"",No
Atomic Habits: An Easy & Proven Way to Build Good Habits & Break Bad Ones,James Clear,"","",audio,read,2023/05/26,2023/05/27,2023/05/27,1,"",,,,,,,5.0,,"",,"",No
Richesse oblige,Hannelore Cayre,"",9791022610216,paperback,read,2020/05/31,2020/06/01,2020/06/01,1,"",,,,,,,4.0,,"",,"",No
Contre le développement personnel,Thierry Jobard,"",9782374252711,paperback,read,2021/07/26,2021/07/29,2021/07/29,1,"",,,,,,,4.0,,"",,"",No
Selected Writings of Paul Valery,Paul Valéry,"",9780811202138,paperback,read,2017/07/14,2017/08/27,2017/08/27,1,"",,,,,,,4.0,,"",,"",No
Le Propre et le sale : L'hygiène du corps depuis le Moyen Age,Georges Vigarello,"",,,read,2024/02/18,2024/02/25,2024/02/25,1,"",,,,,,,5.0,,"",,histoire,No
Le Fou et l'Assassin - Intégrale 3,Robin Hobb,"",9782290359310,paperback,read,2024/12/27,2025/02/27,2025/02/27,1,"",,,,,,,5.0,Inoubliable,"",,"",No
Abel: un western métaphysique,Alessandro Baricco,"",9782073060686,paperback,to-read,2025/04/08,"","",0,"",,,,,,,,,"",,"",No
Nord Sentinelle: Contes de l'indigène et du voyageur,Jérôme Ferrari,"",9782330194413,paperback,to-read,2024/10/17,"","",0,"",,,,,,,,,"",,"",No
Soie,Alessandro Baricco,"",9782070419654,paperback,read,2021/07/05,2021/07/11,2021/07/11,1,"",,,,,,,4.0,,"",,"",No
Henri IV et la France réconciliée,Gonzague Saint Bris,"",,,read,2023/10/20,2023/10/22,2023/10/22,1,"",,,,,,,3.0,,"",,"",No
Écritures carnassières,Ervé,"",9782862314044,digital,read,2023/06/25,2023/06/27,2023/06/27,1,"",,,,,,,5.0,C’est un grand livre aucun doute. C’est un grand livre pas en raison du sujet qu’il traite mais bien par son style et sa construction. Quelle claque.,"",,"",No
Professeur de désir,Philip Roth,Henri Robillot (Translator),9782070374229,paperback,did-not-finish,2025/10/21,2025/10/21,2025/10/21-2025/10/21,1,"",,,,,,,,,"",,"",No
HBR's 10 Must Reads on Emotional Intelligence,"Harvard Business Review, Daniel Goleman, Richard E. Boyatzis","",9781633690196,paperback,read,2016/01/24,2016/01/24,2016/01/24,1,"",,,,,,,4.0,,"",,"",No
Poésies,François Villon,"Tristan Tzara (Contributor), Jean Dufournet (Contributor)",9782070320691,paperback,read,2022/04/09,2022/04/10,2022/04/10,1,"",,,,,,,3.0,,"",,"",No
Nuits,Pierre Deram,"",9782246838968,,to-read,2024/09/14,"","",0,"",,,,,,,,,"",,"",No
Brumes et tempêtes,Robin Hobb,"","",,read,2026/01/27,"","",1,"",,"","","","","",5.0,"","","","",No
"One piece, Tome 7:  Vieux machin",Eiichiro Oda,"",9782723489942,paperback,read,2025/05/20,2025/05/20,2025/05/20,1,"",,,,,,,5.0,,"",,"",No
La vérité sur la lumière,Auður Ava Ólafsdóttir,Éric Boury (Translator),9791038700642,paperback,read,2022/01/10,2022/01/15,2022/01/15,1,"",,,,,,,4.0,,"",,"",No
"Camille, mon envolée",Sophie Daull,"",,,read,2015/12/07,2015/12/12,2015/12/12,1,"",,,,,,,5.0,,"",,"",No
Intérieur nuit,Nicolas Demorand,"",9791037514233,paperback,read,2025/09/21,2025/09/21,2025/09/21-2025/09/21,1,"",fast,,,,,,5.0,"","","","",No
La Condition pavillonnaire,Sophie Divry,"",,,read,2015/12/27,2016/01/02,2016/01/02,1,"",,,,,,,5.0,"De manière générale je trouve les critiques de ce roman un peu dures. Il s'agit ici d'un roman sur la vie quotidienne dans la classe moyenne. Le livre naturellement ne parvient jamais à égaler le chef d'oeuvre de Flaubert auquel il fait cependant des appels du pied réguliers. L'impression qui s'en dégage est celle dérangeante d'un miroir tendu par l'auteur pour refléter nos propres vies, nos prores renoncements. Ecrit intégralement à la seconde personne du singulier ce roman tire parfois des ficelles un peu épaisse quand il donne par exemple l'intégralité d'un mode d'emploi mais il trotinne quelques instants après sur des sommets de subtilités. certains passages notamment érotique sont trop plats pour être sérieux mais l'impression générale qui s'en dégage est vraiment surprenante.","",,"",No
Habiter poétiquement le monde,"Collectif, Frédéric Brun","",9782955211922,hardcover,read,2016/09/04,2017/02/12,2017/02/12,1,"",,,,,,,,,"",,"",No
Fragments d'un discours amoureux,Roland Barthes,"",9782020046053,paperback,read,2023/06/04,2023/08/05,2023/08/05,1,"",,,,,,,5.0,,"",,"",No
Home,Toni Morrison,"",9780307594167,hardcover,read,2021/09/05,2021/09/05,2021/09/05,1,"",,,,,,,3.0,,"",,"",No
Le camp des autres,Thomas Vinau,"",9782362792175,hardcover,read,2017/09/29,2017/10/29,2017/10/29,1,"",,,,,,,4.0,,"",,"",No
"French Theory: How Foucault, Derrida, Deleuze, & Co. Transformed the Intellectual Life of the United States",Francois Cusset,Jeff Fort (Translator),9780816647330,paperback,read,2017/05/25,2017/05/25,2017/05/25,1,"",,,,,,,3.0,,"",,"",No
Downstream from Trout Fishing in America: A Memoir of Richard Brautigan,Keith Abbott,"",9780884962939,hardcover,read,2021/08/21,2021/08/26,2021/08/26,1,"",,,,,,,3.0,,"",,"",No
Le Coiffeur de Chateaubriand,Adrien Goetz,"",9782253157588,paperback,read,2026/02/27,2026/04/03,2026/02/27-2026/04/03,1,"",,"","","","","",4.0,"","","","",No
Moby Dick,Herman Melville,"",9782070400669,paperback,read,2015/08/10,2015/08/21,2015/08/21,1,"",,,,,,,5.0,,"",,"",No
"La Sirène, le marchand et la courtisane",Imogen Hermes Gowar,Imogen Hermes Gowar (Translator),9782714494191,,read,2023/12/26,2024/01/01,2024/01/01,1,"",,,,,,,5.0,,"",,litt-rature,No
The Miracle Morning: The Not-So-Obvious Secret Guaranteed to Transform Your Life: Before 8AM,Hal Elrod,"",9781637744352,digital,read,2022/12/11,2022/12/11,2022/12/11,1,"",,,,,,,4.0,,"",,"",No
"Moi, Boy",Roald Dahl,"Janine Hérisson (Translator), Quentin Blake (Illustrator)",9782070515196,paperback,read,2024/06/29,2024/06/29,2024/06/29,1,"",,,,,,,5.0,,"",,"",No
The Call of Cthulhu and Other Weird Stories,H.P. Lovecraft,S.T. Joshi (Contributor),9780141182346,paperback,read,2016/05/21,"","",1,"",,,,,,,3.0,,"",,"",No
Tu montreras ma tête au peuple,François-Henri Désérable,"",9782070139873,paperback,to-read,2023/06/15,"","",0,"",,,,,,,,,"",,"",No
Réparer les vivants,Maylis de Kerangal,"",9782070144136,paperback,read,2016/01/02,2016/01/24,2016/01/24,1,"",,,,,,,2.0,,"",,"",No
Revue des Deux Mondes février 2022: L'extrême droite est-elle de retour ?,"Jacques De Saint Victor, Laurent Gayard, Georges Bensoussan, Laurent Ottavi, Grégoire Kauffmann, Jean-Yves Camus, Valérie Toranian, Fatiha Boudjahlat, Abel Quentin, Bertrand Raison, Danièle Sabbah, Éric Roussel, Lucien D'Azay, Sébastien Lapaque, Valérie Igounet, Jérôme Besnard, Raphaël Doan, Patrick Kéchichian, Stéphane Guégan, Pierre-André Taguieff, Brice Couturier, Michel Delon, Olivier Bellamy, Richard Millet, Annick Steta, Franz-Olivier Giesbert, Marin de Viry","",9782356502704,,read,2022/02/20,2022/03/05,2022/03/05,1,"",,,,,,,4.0,,"",,"",No
A Brief History of the Western World,Thomas H. Greer,"",9780155023307,paperback,read,2015/08/08,2014/01/01,2014/01/01,1,"",,,,,,,5.0,,"",,"",No
L'après littérature,Alain Finkielkraut,"",9782234087255,paperback,read,2022/01/08,2022/01/08,2022/01/08,1,"",,,,,,,5.0,,"",,"",No
Peau-de-sang,Audrée Wilhelmy,"",9782370554253,digital,read,2024/10/27,2024/10/29,2024/10/29,1,"",,,,,,,3.0,,"",,"",No
Le coffre,"Jacky Schwartzmann, Jean-Louis Courriol, Lucian-Dragoș Bogdan",Jacky Schwartzmann (Translator),,,read,2022/05/09,2022/05/09,2022/05/09,1,"",,,,,,,3.0,,"",,"",No
A Personal Anthology,Jorge Luis Borges,"",9780802130778,paperback,read,2016/10/09,2016/11/13,2016/11/13,1,"",,,,,,,3.0,,"",,"",No
Un secret,Philippe Grimbert,"",9782253117186,paperback,read,2016/12/31,2017/01/01,2017/01/01,1,"",,,,,,,4.0,,"",,"",No
"Ce matin, un lapin...","Antti Tuomainen, Anne Colin du Terrail","",9782264081742,,read,2025/06/24,2025/07/08,2025/06/24-2025/07/08,1,"adventurous, funny",fast,,,,,,3.75,"","","","",No
Le réel et son double,Clément Rosset,"",9782070702848,paperback,read,2017/05/25,2017/05/25,2017/05/25,1,"",,,,,,,5.0,,"",,"",No
The Joy of Not Thinking: A Radical Approach to Happiness,Tim Grimes,"",9781698559506,paperback,to-read,2024/12/25,"","",0,"",,,,,,,,,"",,"",No
Je suis un chat,Natsume Sōseki,Jean Cholley (Translator),2070706346,paperback,to-read,2025/05/17,"","",0,"",,,,,,,,,"",,"",No
Là où s'arrête la nuit,Robin Fabre,"",9791095668008,,read,2017/09/29,2017/09/29,2017/09/29,1,"",,,,,,,2.0,,"",,"",No
La part des nuages,Thomas Vinau,"",9782362791192,hardcover,read,2016/07/31,2015/01/01,2015/01/01,1,"",,,,,,,,,"",,"",No
Quiet: The Power of Introverts in a World That Can't Stop Talking,Susan Cain,"",9780307352149,hardcover,read,2015/08/02,2015/01/02,2015/01/02,1,"",,,,,,,5.0,,"",,"",No
Les Secrets de Castelcerf,Robin Hobb,Arnaud Mousnier-Lompré (Translator),9782290344385,paperback,read,2021/01/30,2021/01/30,2021/01/30,1,"",,,,,,,4.0,,"",,"",No
Ces jours qui disparaissent,Timothé Le Boucher,"",9782344013328,hardcover,read,2023/10/22,2023/10/22,2023/10/22,1,"",,,,,,,4.0,,"",,"",No
"End Times: Elites, Counter-Elites, and the Path of Political Disintegration",Peter Turchin,"",9780593490501,hardcover,to-read,2024/11/14,"","",0,"",,,,,,,,,"",,"",No
Le miracle Spinoza,Frédéric Lenoir,Robert Misrahi (Contributor),9782253091936,paperback,read,2025/05/21,2025/05/24,2025/05/24,1,"",,,,,,,4.0,,"",,"",No
Gray,Leonie Swann,Frédéric Weinmann (Translator),9782264075505,paperback,did-not-finish,2022/02/13,"","",0,"",,,,,,,,"Si le livre est sympa, il m'est tombé des mains. Impossible de m'intéresser à l'histoire . Dommage. Ce n'était sûrement pas le bon moment.","",,abandonné,No
Les Sources,Marie-Hélène Lafon,"",9782283036600,paperback,to-read,2024/10/17,"","",0,"",,,,,,,,,"",,"",No
La délicatesse,David Foenkinos,"",9782070459315,paperback,read,2020/05/26,2020/05/30,2020/05/30,1,"",,,,,,,3.0,,"",,"",No
La comédie (in)humaine,Nicolas Bouzou,Julia de Funès,1032903961,,to-read,2024/03/19,"","",0,"",,,,,,,,,"",,philosophie,No
Le Moyen Âge en questions,Sylvain Gouguenheim,"",,,read,2025/06/16,2026/01/13,2025/12/29-2026/01/13,1,"",,,,,,,3.0,"","","","",No
La Guerre,Michael McDowell,"Yoko Lacour (Translator), Hélène Charrier (Translator)",9782381960487,paperback,read,2022/05/30,2022/06/05,2022/06/05,1,"",,,,,,,5.0,,"",,"",No
Manières d'être vivant,"Baptiste Morizot, Stéphane Durand, Alain Damasio","",9782330129736,paperback,read,2021/04/04,2021/04/24,2021/04/24,1,"",,,,,,,4.0,,"",,"",No
Bleak House,Charles Dickens,"Phiz (Illustrator), Nicola Bradbury",9780143037613,paperback,did-not-finish,2023/05/22,"","",0,"",,,,,,,,,"",,abandonné,No
Les Transparents,Ondjaki,"","",paperback,read,2016/04/25,2016/07/24,2016/07/24,1,"",,,,,,,3.0,,"",,"",No
Le Dragon des glaces,Robin Hobb,Arnaud Mousnier-Lompré (Translator),9782290353066,paperback,read,2022/11/24,2022/11/24,2022/11/24,1,"",,,,,,,5.0,,"",,"",No
The Adventures of Huckleberry Finn,Mark Twain,"",9780142437179,paperback,read,2015/12/05,2015/12/01,2015/12/01,1,"",,,,,,,3.0,,"",,"",No
L'odyssée de Sven,Nathaniel Ian Miller,"",9782283036037,,read,2024/10/28,2024/11/11,2024/11/11,1,"",,,,,,,5.0,,"",,"",No
Le silence qui cache la forêt,Marie Sélène,"",9782956517344,paperback,read,2022/07/05,2022/07/10,2022/07/10,1,"",,,,,,,4.0,,"",,"",No
Les vrais leaders se servent en dernier : Pourquoi certaines équipes se serrent les coudes et d'autres pas,"Simon Sinek, Simon Sinek","",,,read,2023/12/26,2024/01/14,2024/01/14,1,"",,,,,,,2.0,,"",,d-veloppement-personnel,No
The Memoirs of Count Witte,"Sergei Iu Witte, Sidney Harcave","",9780873325714,hardcover,read,2021/08/26,2021/08/28,2021/08/28,1,"",,,,,,,,,"",,"",No
SPQR: A History of Ancient Rome,Mary Beard,"",9781631492228,paperback,to-read,2023/06/10,"","",0,"",,,,,,,,,"",,"",No
Une immense sensation de calme,Laurine Roux,"",9782072858208,paperback,read,2021/04/05,2021/06/06,2021/06/06,1,"",,,,,,,5.0,,"",,"",No
Le Duc,Matteo Melchiorre,"Serge Quadruppani (Translator), Anne Echenoz (Translator)",9791022614368,paperback,to-read,2025/06/16,"","",0,"",,,,,,,,,"",,"",No
La Disparition de Josef Mengele,Olivier Guez,"",9782246855873,paperback,to-read,2024/10/17,"","",0,"",,,,,,,,,"",,"",No
La Loi des mâles,Maurice Druon,"",9782253004059,paperback,read,2024/02/26,2024/03/13,2024/03/13,1,"",,,,,,,5.0,,"",,litt-rature,No
"Sagan, Paris 1954",Anne Berest,Heather Lloyd (Translator),9781908313898,paperback,read,2015/08/07,2015/03/01,2015/03/01,1,"",,,,,,,4.0,,"",,"",No
Harry Potter and the Cursed Child - Parts One and Two,J.K. Rowling,"John Tiffany, Jack Thorne",9781338099133,hardcover,read,2016/08/14,2016/08/15,2016/08/15,1,"",,,,,,,5.0,Je l'ai dévoré. Vraiment dévoré.  <br><br>J'ai beaucoup aimé :<br>1. Retrouver harry adulte. Moi qui ai grandit avec lui je suis heureux de le  retrouver papa. <br>2. Replonger dans l'univers de poudlard. <br>3. La forme théâtrale va très très bien à cet univers <br>4. L intrigue est super. J'ai beaucoup accroché. <br>5. Le rythme est vraiment bien dosé <br><br>J'ai moins aime :<br>1. C'est effectivement un peu moralisateur et très tourné vers la relation père fils  <br>2. Le flou autour de la particioation réelle de JK Rowling <br>3. C'est plus divertissant que littéraire.,"",,"",No
Conseils d''une amie pour des temps difficiles,"Pema Chödrön, Claude Riso-Lévi","",,,read,2022/12/04,2022/12/31,2022/12/31,1,"",,,,,,,4.0,,"",,"",No
Le fromage et les vers,Carlo Ginzburg,Monique Aymard (Translator),9782081451780,paperback,to-read,2025/03/23,"","",0,"",,,,,,,,,"",,"",No
"One Piece, Tome 6: La Grande Promesse",Eiichiro Oda,"",9782723435604,paperback,read,2025/05/20,2025/05/20,2025/05/20,1,"",,,,,,,4.0,,"",,"",No
Un crocodile s'en allait à la guerre,Antti Tuomainen,"",9782264085030,,to-read,2025/07/08,"","",0,"",,,,,,,,,"",,"",No
Et recoudre le soleil,Gaëlle Josse,"",9782882507242,paperback,read,2022/06/26,2022/06/26,2022/06/26,1,"",,,,,,,5.0,"Beau, tout simplement beau.","",,"",No
Guide de survie du jeune papa,Laurent Moreau,Laurent Moreau (Illustrator),9782367043104,,read,2025/04/14,2025/04/14,2025/04/14,1,"",,,,,,,4.0,,"",,"",No
La confrérie des intranquilles,Laurent Dandrieu,"",9791097507251,,read,2022/08/06,2023/10/02,2023/10/02,1,"",,,,,,,3.0,,"",,"",No
Homo Deus: A History of Tomorrow,Yuval Noah Harari,"","",paperback,read,2021/01/30,2021/02/07,2021/02/07,1,"",,,,,,,5.0,,"",,"",No
The Gods and Goddesses of Greece and Rome,Philip Matyszak,"",9780500024188,hardcover,to-read,2024/02/25,"","",0,"",,,,,,,,,"",,essai,No
Sapiens: A Brief History of Humankind,Yuval Noah Harari,Derek Perkins (Narrator),9781494556907,audio,read,2020/05/22,2020/05/23,2020/05/23,1,"",,,,,,,4.0,,"",,"",No
Protocole gouvernante,Guillaume Lavenant,"",,,read,2021/04/05,2021/07/05,2021/07/05,1,"",,,,,,,3.0,,"",,"",No
Quatrains et autres poèmes brefs,Emily Dickinson,"",9782070329427,paperback,read,2023/01/14,2023/01/16,2023/01/16,1,"",,,,,,,3.0,,"",,"",No
C'est une chose étrange à la fin que le monde,Jean d'Ormesson,"",9782221117026,paperback,read,2015/08/04,2015/02/01,2015/02/01,1,"",,,,,,,5.0,,"",,"",No
Savoirs secrets: les techniques perdues des maîtres anciens,David Hockney,"",9780500296714,paperback,currently-reading,2025/10/25,"","",0,"",,,,,,,,,"",,"",No
Dans nos pierres et dans nos os,Nathaniel Ian Miller,"",9782283040881,,to-read,2025/04/08,"","",0,"",,,,,,,,,"",,"",No
La Huitième Couleur,Terry Pratchett,Patrick Couton (Translator),9782266211819,paperback,read,2025/05/15,2025/05/18,2025/05/18,1,"",,,,,,,3.0,,"",,"",No
Constellation,Adrien Bosc,"",9782234077317,paperback,read,2015/08/09,2015/08/01,2015/08/01,1,"",,,,,,,3.0,,"",,"",No
"One Piece, Tome 3: Une vérité qui blesse",Eiichiro Oda,"",9782723489904,paperback,read,2024/06/02,2024/06/02,2024/06/02,1,"",,,,,,,4.0,,"",,"",No
Mondo reverso Intégrale,Arnaud Le Gouëfflec,"",9791038203051,,to-read,2024/04/12,"","",0,"",,,,,,,,,"",,bd,No
Quelques mois dans ma vie ,Michel Houellebecq,"",9782080435804,paperback,read,2023/07/22,2023/07/22,2023/07/22,1,"",,,,,,,2.0,,"",,"",No
Sur l'épaule des géants,Laurine Roux,"",9782073029683,paperback,read,2025/05/29,2025/06/04,2025/05/29-2025/06/04,1,"adventurous, emotional, inspiring",fast,Character,"",Yes,"","",2.5,"","","","",No
Freedom,Jonathan Franzen,"",9782757829950,paperback,read,2023/02/26,2023/04/07,2023/04/07,1,"",,,,,,,5.0,,"",,"",No
Genius At Play: The Curious Mind of John Horton Conway,Siobhan Roberts,"",,,read,2021/09/25,2021/12/19,2021/12/19,1,"",,,,,,,2.0,,"",,"",No
Memoire de Mes Putains Tristes,Gabriel García Márquez,"",9782253116844,paperback,read,2017/03/01,2017/03/26,2017/03/26,1,"",,,,,,,5.0,,"",,"",No
Duncton Wood,William Horwood,"",9780099443001,paperback,read,2020/05/22,"","",1,"",,,,,,,4.0,,"",,"",No
Le voyant d'Etampes,Abel Quentin,"",9782290364086,paperback,read,2025/07/21,2025/07/25,2025/07/21-2025/07/25,1,"funny, informative, inspiring, reflective",fast,Character,Yes,Yes,It's complicated,"",4.75,"","","","",No
Trois saisons d'orage,Cécile Coulon,"",9782878583373,,read,2022/12/18,2023/05/07,2023/05/07,1,"",,,,,,,5.0,,"",,"",No
Mon vrai nom est Elisabeth,Adèle Yon,"",9782364689572,paperback,to-read,2025/07/28,"","",0,"",,,,,,,,,"",,"",No
Conversations d'un enfant du siècle,Frédéric Beigbeder,"",,,read,2023/06/03,2025/05/30,2025/05/30,1,"informative, inspiring",fast,N/A,N/A,N/A,N/A,N/A,2.75,<div>Recueil d’interview et dentretien. La qualité des textes dépend grandement de la qualité des personnes rencontrées.&nbsp;</div>,"","","",No
Panorama,Lilia Hassaine,"",9782073035059,paperback,read,2024/01/27,2024/01/30,2024/01/30,1,"",,,,,,,5.0,,"",,litt-rature,No
2666,Roberto Bolaño,"",9782070437139,paperback,read,2016/05/17,2017/03/07,2017/03/07,1,"",,,,,,,,,"",,"",No
Soumission,Michel Houellebecq,"",9782081354807,paperback,read,2015/08/02,2015/01/01,2015/01/01,1,"",,,,,,,4.0,,"",,"",No
The Happy Couple,Naoise Dolan,"",9782823621433,,to-read,2025/06/19,"","",0,"",,,,,,,,,"",,"",No
Adieux et retrouvailles,Robin Hobb,Arnaud Mousnier-Lompré (Translator),9782290002964,paperback,read,2023/02/26,2023/03/01,2023/03/01,1,"",,,,,,,5.0,,"",,"",No
Watership Down,Richard Adams,Pierre Clinquart (Translator),9791090724273,paperback,read,2017/02/11,2017/02/28,2017/02/28,1,"",,,,,,,5.0,Un livre incroyable. Vraiment incroyable. A la hauteur des plus belles épopées du 20eme siècle. Une ode poétique a la nature. Un incroyable roman d'aventure. Qui pourrait croire qu'une simple histoire de lapin soit aussi belle et passionnante !? Impossible de lâcher ce livre quand on le commence.,"",,"",No
"Zephyr, Alabama",Robert R. McCammon,"",9782381960418,hardcover,read,2025/03/31,2025/04/24,2025/04/24,1,"",,,,,,,5.0,,"",,"",No
Sorcière ?,"Venko Andonovski, Венко Андоновски, Maria Béjanovska","",,,read,2016/02/23,2016/03/06,2016/03/06,1,"",,,,,,,3.0,,"",,"",No
Sept brèves leçons de physique,Carlo Rovelli,Patrick Vighetti (Translator),9782738133120,paperback,to-read,2025/05/17,"","",0,"",,,,,,,,,"",,"",No
L'heure du roi,"Elena Balzamo, Борис Хазанов, Boris Khazanov","",9782878583526,,read,2015/08/02,2015/07/01,2015/07/01,1,"",,,,,,,4.0,,"",,"",No
The Sun and Her Flowers,Rupi Kaur,"",9781449486792,paperback,read,2022/05/06,2022/05/08,2022/05/08,1,"",,,,,,,5.0,,"",,"",No
Femmes d'homosexuels célèbres,LARIVIERE MICHEL,"",9782842717698,paperback,read,2022/01/01,2022/01/01,2022/01/01,1,"",,,,,,,4.0,,"",,"",No
"Les Poisons de la Couronne (Les Rois Maudits, Tome 3)",Maurice Druon,"",9782253004042,paperback,read,2024/02/18,2024/02/25,2024/02/25,1,"",,,,,,,4.0,,"",,litt-rature,No
La Chatte sur un toit brûlant,Tennessee Williams,"André Obey (Translator), Raymond Rouleau (Translator)",9782264036667,paperback,read,2016/07/31,2016/07/31,2016/07/31,1,"",,,,,,,4.0,,"",,"",No
Le Loup des steppes,Hermann Hesse,Alexandra Cade (Translator),9782253002932,paperback,read,2020/08/31,2020/09/25,2020/09/25,1,"",,,,,,,3.0,,"",,"",No
L'incroyable histoire du sexe: intégrale,Philippe Brenot,"",9791037506856,paperback,read,2023/02/26,2023/12/10,2023/12/10,1,"",,,,,,,5.0,,"",,"",No
Histoire de Byzance,John Julius Norwich,"",9782262018900,paperback,to-read,2022/06/09,"","",0,"",,,,,,,,,"",,"",No
Pourquoi les femmes ont une meilleure vie sexuelle sous le socialisme,Kristen R. Ghodsee,"",9782895963448,paperback,read,2022/05/22,2022/05/26,2022/05/26,1,"",,,,,,,3.0,,"",,"",No
L'intranquille monsieur Pessoa,Nicolas Barral,"",9782205206142,,to-read,2024/09/22,"","",0,"",,,,,,,,,"",,"",No
Les Vies vides : Notre besoin de reconnaissance est impossible à rassasier,Elsa Godart,"","",digital,to-read,2024/04/20,"","",0,"",,,,,,,,,"",,philosophie,No
Belle du Seigneur,Albert Cohen,"",9782070404025,paperback,read,2020/05/17,2020/05/22,2020/05/22,1,"",,,,,,,5.0,,"",,"",No
Le Maître et Marguerite,Mikhail Bulgakov,"",9782253037293,paperback,read,2016/07/31,2016/09/01,2016/09/01,1,"",,,,,,,5.0,"Le livre formidable du célèbre Mikhail Boulgakov.<br><br>Bien compliqué d'en faire un résumé ou une critique tant ce roman mélange les genres et brouille les pistes.<br><br>Le livre est en fait découpé en deux partie. La première partie raconte l'arrivée du mystérieux Woland et de sa troupe dans Moscou. On découvre bien vite les intentions et la nature de ce visiteur étranger, accompagné des hilarants Béhémoth, Azazello et Koroviev. Entre roman historique, farce, satyre de la russie communiste et tour de force littéraire. La seconde partie raconte l'histoire d'amour du maitre et de marguerite et de ce que Marguerite, par amour sera prête à faire. <br><br>Incroyable Roman qui revisite le mythe de Faust. <br>Ce roman est avant tout une histoire passionnante de la première à la dernière ligne. Certains paragraphes sont impressionnants de maitrise et de virtuosité.<br><br>Pour ceux qui voudraient aller plus loin :<br><a href=""http://www.masterandmargarita.eu/fr"">Vous pouvez visiter le site tout aussi passionnant de certains admirateurs de ce livre</a><br><br>","",,"",No
La blancheur qu'on croyait éternelle,Virginie Carton,"",9782234076204,paperback,read,2017/03/01,2017/03/16,2017/03/16,1,"",,,,,,,2.0,Je n'ai pas apprécié ce livre. Bourré de clichés et de caricatures.,"",,"",No
Anglais excentriques,Thierry Coudert,"",9791021057050,,read,2024/06/29,2024/08/23,2024/08/23,1,"",,,,,,,3.0,,"",,"",No
Une éducation,Tara Westover,"",9782253820369,paperback,read,2023/04/07,2023/04/19,2023/04/19,1,"",,,,,,,5.0,,"",,"",No
The Practice of Not Thinking: A Guide to Mindful Living,Ryūnosuke Koike,Eriko Sugita (Translator),9780141994611,paperback,to-read,2024/12/25,"","",0,"",,,,,,,,,"",,"",No
Les trahisons nécessaires: S'autoriser à être soi,Nicole Prieur,"",9782221254745,paperback,read,2025/05/19,2025/05/20,2025/05/20,1,"",,,,,,,4.0,,"",,"",No
"One Piece, Tome 1: À l'aube d'une grande aventure",Eiichiro Oda,"",9782723433358,paperback,read,2024/06/01,2024/06/02,2024/06/02,1,"",,,,,,,4.0,,"",,"",No
Le Chant d'Achille,Madeline Miller,Christine Auché (Translator),9782266252430,paperback,read,2021/06/28,2021/06/28,2021/06/28,1,"",,,,,,,5.0,,"",,"",No
"One Piece, Tome 2: Luffy versus la bande à Baggy !!",Eiichiro Oda,"",9782723489898,paperback,read,2024/06/02,2024/06/02,2024/06/02,1,"",,,,,,,4.0,,"",,"",No
Derniers mètres jusqu'au cimetière ,Antti Tuomainen,Alexandre André  (Translator),9782264076113,paperback,read,2025/10/05,2025/10/11,2025/10/05-2025/10/11,1,adventurous,fast,,,,,,3.0,"","","","",No
Le Sans Dieu,Virginie Caillé-Bastide,"",2266283243,,read,2020/05/22,"","",1,"",,,,,,,4.0,,"",,"",No
Les élucubrations d'un homme soudain frappé par la grâce,Edouard Baer,"",9782021468052,hardcover,read,2021/03/31,2021/03/31,2021/03/31,1,"",,,,,,,5.0,Un livre magnifique. Comme du vent frais au mois d'aout.,"",,"",No
La Vie immédiate précédé de L'Évidence poétique et suivi de La Rose publique et de Les Yeux fertiles,Paul Éluard,"","",digital,read,2024/02/03,2024/02/18,2024/02/18,1,"",,,,,,,3.0,,"",,po-sie,No
Helgoland: Le sens de la mécanique quantique,Carlo Rovelli,"",9782080429865,paperback,read,2025/08/17,2025/08/23,2025/08/17-2025/08/23,1,informative,,,,,,,3.75,"","","","",No
Le Livre de M,Peng Shepherd,Anne-Sylvie Homassel (Translator),9782226442932,paperback,to-read,2024/07/13,"","",0,"",,,,,,,,,"",,"",No
Les Oubliés de l'Amas,Floriane Soulas,"",9782367409221,paperback,to-read,2024/07/13,"","",0,"",,,,,,,,,"",,"",No
Petit éloge de la médiocrité,Guillaume Meurice,"",9791025205785,paperback,read,2023/09/17,2023/09/17,2023/09/17,1,"",,,,,,,1.0,"Guillaume Meurice nous prouve par l’exemple qu’il est un expert en médiocrité.<br>Si vous appréciez les raccourcis, les réflexions à l’emporte pièce et les caricatures grossières vous serez servis.<br><br>Il est tellement imprégné d’idéologie gauchiste et donneur de leçon qu’il ne nous reste qu’une envie en tant que lecteur : terminer la pénible lecture de son œuvre pour lire ceux qui ne se complaisent pas dans la médiocrité justement. <br>","",,"",No
Capitain Fracasse,Henri Gautier,"",9782877142182,digital,read,2023/05/22,2023/06/17,2023/06/17,1,"",,,,,,,4.0,,"",,"",No
Le totalitarisme sans le goulag,Mathieu Bock-Côté,"",9782258201644,,read,2024/04/20,2024/04/20,2024/04/20,1,"",,,,,,,4.0,,"",,essai,No
Tu vas être papa,Cédric Rostein,"",9782412076811,,read,2025/05/20,2025/05/20,2025/05/20,1,"",,,,,,,1.0,,"",,"",No
Le Sentiment d'Abandon: Se libérer du passe pour exister par soi-même,Saverio Tomasella,"",9782212545302,paperback,read,2022/05/11,2022/05/22,2022/05/22,1,"",,,,,,,3.0,,"",,"",No
12 clochards célestes,Thomas Vinau,"",B01L7CPAAE,digital,read,2017/04/17,2017/05/25,2017/05/25,1,"",,,,,,,5.0,,"",,"",No
Juste après la pluie,Thomas Vinau,"",9782362790980,hardcover,read,2016/07/31,2015/01/01,2015/01/01,1,"",,,,,,,,,"",,"",No
L'usure d'un monde: Une traversée de l'Iran,François-Henri Désérable,"",9782073026163,paperback,to-read,2023/06/15,"","",0,"",,,,,,,,,"",,"",No
Votre collection de montres mécaniques: Une sélection de modèles pour homme à combiner selon vos usages,Nicolas Esposito,"",9782416008818,,read,2023/10/08,2023/10/08,2023/10/08,1,"",,,,,,,5.0,,"",,"",No
Je ne suis pas mort... je dors!,Michel Sardou,"",9782374483351,,read,2022/08/28,2022/08/28,2022/08/28,1,"",,,,,,,3.0,,"",,"",No
La salle de bal,Anna Hope,Élodie Leplat (Translator),9782072824470,paperback,read,2023/09/20,2023/10/20,2023/10/20,1,"",,,,,,,4.0,,"",,"",No
Lanzarote,Michel Houellebecq,Frank Wynne (Translator),9780099448365,paperback,read,2015/08/29,2015/08/29,2015/08/29,1,"",,,,,,,4.0,,"",,"",No
La Reine solitaire,Robin Hobb,Arnaud Mousnier-Lompré (Translator),9782290325520,paperback,read,2020/06/17,2020/06/01,2020/06/01,1,"",,,,,,,5.0,,"",,"",No
Bartleby / Les Îles enchantées / La Campanile,Herman Melville,Michèle Causse (Translator),9782081275294,paperback,read,2023/02/26,2023/02/26,2023/02/26,1,"",,,,,,,5.0,,"",,"",No
Le Livre de l'intranquillité,Fernando Pessoa,Françoise Laye (Translator),9782267021776,hardcover,read,2015/08/08,2015/01/01,2015/01/01,1,"",,,,,,,5.0,,"",,"",No
Les stripteaseuses ont toujours besoin de conseils juridiques,Iain Levison,"Philippe Aronson, Emmanuelle Aronson",9791034909537,paperback,to-read,2024/10/17,"","",0,"",,,,,,,,,"",,"",No
My Absolute Darling,Gabriel Tallent,"François Busnel (Contributor), Laura Derajinski (Translator)",9782351787205,paperback,read,2020/06/13,2020/06/26,2020/06/26,1,"",,,,,,,3.0,,"",,"",No
Visceres,Mo Hayder,Jacques Martinache (Translator),9782258092396,paperback,read,2019/12/29,2020/05/17,2020/05/17,1,"",,,,,,,4.0,,"",,"",No
Maigret Et Les Braves Gens,Georges Simenon,"",9782253142492,paperback,to-read,2025/04/08,"","",0,"",,,,,,,,,"",,"",No
Le Grand Meaulnes,Alain-Fournier,"",9782253005278,paperback,read,2025/08/24,2025/09/06,2025/08/24-2025/09/06,1,mysterious,,"","","","","",5.0,"","","","",No
Traite de L Efficacite,F. Jullien,"",9782253942924,paperback,read,2016/11/28,2017/01/01,2017/01/01,1,"",,,,,,,3.0,,"",,"",No
Le linguiste était presque parfait,David Carkeet,"",,,read,2017/06/27,2017/07/23,2017/07/23,1,"",,,,,,,4.0,,"",,"",No
The Adventures of Tom Sawyer,Mark Twain,"",9780143039563,paperback,read,2015/08/29,2015/08/30,2015/08/30,1,"",,,,,,,4.0,,"",,"",No
Novecento : pianiste,Alessandro Baricco,Françoise Brun (Translator),9782070419876,paperback,read,2020/05/17,2020/05/17,2020/05/17,1,"",,,,,,,5.0,,"",,"",No
L'idiot volume 1 (livres I et II),Fyodor Dostoevsky,André Markowicz (Translator),9782742736454,paperback,read,2021/04/05,2021/12/20,2021/12/20,1,"",,,,,,,3.0,,"",,"",No
La promesse de l'aube,Romain Gary,"",0811210162,paperback,read,2020/08/04,2020/08/31,2020/08/31,1,"",,,,,,,5.0,,"",,"",No
"Wilt 2: Comment se débarrasser d'un crocodile, de terroristes et d'une jeune fille au pair",Tom Sharpe,Christine Guérin (Translator),9782264042446,paperback,read,2020/06/07,2020/06/13,2020/06/13,1,"",,,,,,,4.0,,"",,"",No
Quand le souffle rejoint le ciel,Paul Kalanithi,Cécile Fruteau,9782709658638,digital,to-read,2023/09/09,"","",0,"",,,,,,,,,"",,"",No
White,Bret Easton Ellis,"",9780525656302,hardcover,to-read,2023/03/26,"","",0,"",,,,,,,,,"",,"",No
Journal d'un vampire en pyjama,Mathias Malzieu,"",9782226321824,paperback,read,2016/04/11,2016/04/23,2016/04/23,1,"",,,,,,,4.0,,"",,"",No
Requin,Bertrand Belin,"",9782818035719,,read,2015/08/07,2015/08/09,2015/08/09,1,"",,,,,,,5.0,Un livre d'une finesse et d'une poésie sans pareille. On regrette deux choses : que la noyade n'ait pas duré plus longtemps et que l'on ne soit pas envoyé par le fond avec le héros. <br>Un grand premier roman.,"",,"",No
Le Vertige MeToo,Caroline Fourest,"","",digital,to-read,2024/09/22,"","",0,"",,,,,,,,,"",,"",No
La Route,Cormac McCarthy,François Hirsch (Translator),9782757811610,paperback,read,2015/08/14,2015/02/01,2015/02/01,1,"",,,,,,,5.0,,"",,"",No
La Centaine d'amour,Pablo Neruda,"",9782070328925,paperback,read,2016/04/18,2016/05/29,2016/05/29,1,"",,,,,,,3.0,"Sous la forme d'une centaine de sonnet Neruda propose une déclinaison poétique autour de l'amour, de l'absence de la beauté. Intéressant, mais j'ai le sentiment que l'on perd énormément à la traduction française.","",,"",No
"Nathalie Sorokine, la passion folle",Julie Duchatel,"","",digital,to-read,2023/01/28,"","",0,"",,,,,,,,,"",,"",No
On ne badine pas avec l'amour,Alfred de Musset,Frank Lestringant,9788225318003,paperback,read,2016/03/06,2016/03/06,2016/03/06,1,"",,,,,,,5.0,,"",,"",No
Le Fou et l'Assassin,Robin Hobb,Arnaud Mousnier-Lompré (Translator),9782756411187,paperback,read,2024/01/10,2024/01/14,2024/01/14,1,"",,,,,,,5.0,,"",,litt-rature,No
Un jour ce sera vide,Hugo Lindenberg,"",9782267032673,paperback,read,2021/07/26,2021/07/28,2021/07/28,1,"",,,,,,,3.0,,"",,"",No
Le monde est-il mathématique?: les maths au prisme des sciences humaines,Antoine Houlou-Garcia,"",9782745328182,,read,2017/03/01,2017/03/13,2017/03/13,1,"",,,,,,,4.0,,"",,"",No
La Promesse,Jan Guillou,"",9782748905243,,read,2023/11/11,2023/12/10,2023/12/10,1,"",,,,,,,4.0,,"",,litt-rature,No
Serge Reggiani: la nostalgie est toujours ce qu'elle était,"Anne-Sophie Mercier, Bertrand Dicale","",9791032922590,,read,2023/05/07,2023/05/18,2023/05/18,1,"",,,,,,,4.0,,"",,"",No
Nos amours radicales,"Axelle Jah Njiké, Lou Eve, Emanouela Todorova, Léane Alestra, Anaïs Bourdet, Sabrina Erin Gin, Nanténé Traoré, Sharone Omankoy","",9782017101307,paperback,read,2022/02/13,2022/02/20,2022/02/20,1,"",,,,,,,1.0,Un livre radical ? Non<br>Une file indienne d'accusation où la haine et la colère aux lèvres on en enfile des approximations et des généralités comme des perles au collier d'un pitbull.<br><br>Il n'y a aucune volonté de dialogue dans ce livre. Il n'y a que de l'entre soi et de l'idéologie. Je pense que le féminisme vaut mieux que ça. Ce livre vient confirmer toutes les accusations et mêmes les plus injustes. Dommage que ces dames acceptent de devenir leur propre caricature et deviennent ainsi complètement inaudibles.,"",,"",No
Les sept divinités du bonheur,Keigo Higashino,Sophie Rèfle (Translator),9782330168070,paperback,read,2024/08/09,2024/08/10,2024/08/10,1,"",,,,,,,3.0,,"",,"",No
Paix,Richard Bausch,Jamila Ouahmane Chauvin,9782072579882,digital,read,2015/08/02,2015/08/01,2015/08/01,1,"",,,,,,,3.0,,"",,"",No
Sept générations d'exécuteurs,François-Henri Désérable,"",9782262050627,,to-read,2023/06/15,"","",0,"",,,,,,,,,"",,"",No
La Succession,"Jean-Paul Dubois, Edition de l'Olivier","",,,read,2020/05/17,2020/05/17,2020/05/17,1,"",,,,,,,3.0,,"",,"",No
Confessions d'un hétérosexuel légèrement dépassé: Roman,Frédéric Beigbeder,"",9782226478382,hardcover,to-read,2023/06/03,"","",0,"",,,,,,,,,"",,"",No
Le grand feu,Léonor de Récondo,"",9782246834809,digital,read,2024/01/06,2024/01/07,2024/01/07,1,"",,,,,,,5.0,,"",,litt-rature,No
Magus: The Art of Magic from Faustus to Agrippa,Anthony Grafton,"",9780674659735,hardcover,to-read,2024/02/25,"","",0,"",,,,,,,,,"",,essai,No
Les façons d'être,François de Cornière,"",9791027803163,paperback,read,2024/03/13,2024/05/19,2024/05/19,1,"",,,,,,,3.0,,"",,po-sie,No
"La Reine Étranglée (Les Rois Maudits, Tome 2)",Maurice Druon,"",9782253003069,paperback,read,2023/09/05,2023/09/12,2023/09/12,1,"",,,,,,,5.0,,"",,"",No
Né d'aucune femme,Franck Bouysse,"",9782358872713,paperback,read,2022/06/26,2022/07/05,2022/07/05,1,"",,,,,,,5.0,,"",,"",No
La Louve de France,Maurice Druon,"",9782253004066,paperback,read,2024/05/25,2024/05/25,2024/05/25,1,"",,,,,,,5.0,,"",,"",No
L'Education Sentimentale,Gustave Flaubert,"",9782070308798,paperback,did-not-finish,2023/02/26,"","",0,"",,,,,,,,,"",,abandonné,No
Mon Oncle Oswald,Roald Dahl,"",9782070377459,paperback,read,2024/06/29,2024/07/20,2024/07/20,1,"",,,,,,,4.0,,"",,"",No
Le plus grand menu du monde : Vies secrètes de nos aliments,Bill François,"","",digital,read,2025/06/04,2025/06/17,2025/06/04-2025/06/17,1,informative,medium,,,,,,4.0,"","","","",No
Rose Et Autres Po'mes(la),William Butler,"",9782757810156,paperback,read,2016/05/10,2016/05/10,2016/05/10,1,"",,,,,,,3.0,"L'écriture de Yeats est exigente car sa poésie vient puiser dans la culture irlandaise, dans les mythologies celtes, dans les références bibliques. Les poèmes de Yeats se parlent entre eux et on y trouve de nombreuses références croisées. Les formes qu'il choisit pour écrire évoluent avec le temps et cette anthologie permet de bien s'apercevoir de l'évolution  de son style. Ce recueil est bilingue et permet de mieux voir la finesse de son écriture. <br>WB Yeats est un immense poète, mais son style ""technique"" et ses références ont forcé mon admiration sans toucher ma sensibilité.","",,"",No
Charlotte,David Foenkinos,"",9783328100225,paperback,read,2015/08/02,2015/03/01,2015/03/01,1,"",,,,,,,5.0,,"",,"",No
La quête,Jan Guillou,Jan Guillou (Translator),9782748905342,,read,2024/08/25,2024/09/12,2024/09/12,1,"",,,,,,,5.0,,"",,"",No
Pêcheur de perles,Alain Finkielkraut,"",9782073048981,hardcover,to-read,2024/04/06,"","",0,"",,,,,,,,,"",,essai,No
Expo 58,Jonathan Coe,Josée Kamoun (Translator),9782070142798,paperback,read,2025/12/29,2026/01/01,2025/12/29-2026/01/01,1,"",,"","","","","",4.0,"","","","",No
"Capitaine Hornblower, tome 1: Aspirant de marine / Lieutenant de marine / Seul maître à bord / Trésor de guerre / Retour à bon port",C.S. Forester,"",9782258039612,,to-read,2025/05/17,"","",0,"",,,,,,,,,"",,"",No
Le Feu,Henri Barbusse,"",9782253047414,paperback,to-read,2025/03/15,"","",0,"",,,,,,,,,"",,"",No
Un privé à Babylone,"Richard Brautigan, Marc Chénetier","",,paperback,read,2016/06/14,2016/07/31,2016/07/31,1,"",,,,,,,4.0,"Une ambiance sombre où se déroule l'histoire d'un aspirant détective privée poursuivit par la malchance. On se sent vraiment dans l'univers des états-unis d'avant guerre.<br>L'auteur Richard Brautigan manie de plus à merveille un style faussement naïf et un art du second degrés qui rend son texte à la fois agréable, percutant et beau.<br><br>Une super découverte","",,"",No
La vertu dangereuse: Les entreprises et le piège de la bien-pensance,Julia de Funès,"",9791032933787,,read,2024/11/15,2024/11/17,2024/11/17,1,"",,,,,,,4.0,,"",,"",No
Chère petite,"Romy Hausmann, Stéphanie Lux",Romy Hausmann (Translator),9782330150105,paperback,read,2023/08/12,2023/08/15,2023/08/15,1,"",,,,,,,5.0,,"",,"",No
L'ordre du jour: récit,Éric Vuillard,"",9780320086342,,read,2023/08/12,2023/08/12,2023/08/12,1,"",,,,,,,5.0,,"",,"",No
Éloge du carburateur,Matthew B. Crawford,Marc Saint-Upéry,9782707192493,digital,read,2017/05/25,2017/05/25,2017/05/25,1,"",,,,,,,3.0,,"",,"",No
Les faux-monnayeurs,André Gide,"",9782070368792,paperback,read,2025/11/08,2025/11/22,2025/11/08-2025/11/22,1,"",,"","","","","",3.0,"","","","",No
Roman fleuve,Philibert Humm,"",9782073019448,paperback,read,2026/02/22,2026/02/22,2026/02/22-2026/02/22,2,"",,"","","","","",4.0,"","","","",No
Récit secret,Pierre Drieu la Rochelle,"","",,read,2021/08/19,2021/08/19,2021/08/19,1,"",,,,,,,5.0,,"",,"",No
Le Grand Livre de la littérature de plage – Une anthologie insolite des écrits balnéaires,Collectif,"",9782840499855,,to-read,2025/05/17,"","",0,"",,,,,,,,,"",,"",No
"Japon, la face cachée de la perfection",Karyn Nishimura-Poupée,"",9791021057029,digital,read,2024/02/26,2024/03/17,2024/03/17,1,"",,,,,,,5.0,,"",,essai,No
La vraie vie est ailleurs,Jean Forton,"",9782842637392,digital,to-read,2025/03/19,"","",0,"",,,,,,,,,"",,"",No
Il est de retour,Timur Vermes,Pierre Deshusses,9782714456090,paperback,read,2015/12/27,2015/12/27,2015/12/27,1,"",,,,,,,4.0,"A la lecture des très nombreux avis anglais et allemands je crois que la critique se trompe de cible. Oui il est vrai que ce livre peut parfois donner le sentiment de rendre Aldolf Hitler sympathique quoiqu'il s'agisse à mon avis d'une lecture très ""premier degrés"". En réalité il s'agit à mon sens d'une virulente critique de la société post-moderne et de la vacuité idéologique de notre temps. Une société qui ne se reconnait plus en rien et qui se voit prête à succomber aux mêmes penchants.<br>Satire sociale qui évite avec justesse et drôlerie, l’écueil du roman de la culpabilité allemande pour mettre en lumière les risques de dérive totalitaire des sociétés de consommation.<br><br>","",,"",No
Une putain de catastrophe,"David Carkeet, Marie Chabin","",,,read,2025/11/22,2025/12/16,2025/11/22-2025/12/16,1,"",,"","","","","",3.5,"","","","",No
"Le Feu follet, suivi d'Adieu à Gonzague",Pierre Drieu la Rochelle,"",9782070361526,paperback,read,2019/12/29,2020/05/17,2020/05/17,1,"",,,,,,,4.0,,"",,"",No
Le Bikini de Diamants,Charles Williams,Laura Derajinski (Translator),9782351785911,paperback,read,2020/06/28,2020/09/26,2020/09/26,1,"",,,,,,,4.0,,"",,"",No
Уна & Сэлинджер,"Frédéric Beigbeder, Frédéric Beigbeder","",9782246777014,digital,read,2015/12/05,2015/12/05,2015/12/05,1,"",,,,,,,3.0,,"",,"",No
Si par une nuit d'hiver un voyageur: roman,Italo Calvino,"",9782020251570,paperback,read,2016/01/30,2016/02/02,2016/02/02,1,"",,,,,,,4.0,,"",,"",No
Le Fou et l'Assassin - Intégrale 2,Robin Hobb,"",9782290359303,paperback,read,2024/09/12,2024/10/27,2024/10/27,1,"",,,,,,,5.0,,"",,"",No
Les Juges,"Elie Wiesel, Elie Wiesel","",9782020361507,paperback,read,2016/03/28,2016/04/02,2016/04/02,1,"",,,,,,,3.0,,"",,"",No
Feu,Maria Pourchet,"",9782213720784,paperback,read,2022/01/24,2022/01/29,2022/01/29,1,"",,,,,,,5.0,,"",,"",No
La Poursuite du bonheur,Michel Houellebecq,"",9782290334553,,read,2015/11/06,2015/11/01,2015/11/01,1,"",,,,,,,5.0,,"",,"",No
Les Naufragés du Wager,David Grann,Johan-Frédérik Hel-Guedj (Translator),9782364684126,digital,read,2023/11/04,2023/11/05,2023/11/05,1,"",,,,,,,5.0,,"",,"",No
Le piège du bonheur : arrêtez de vouloir être heureux à tout prix et vivez enfin pleinement,Russ Harris,"",9782266269230,paperback,read,2025/03/30,2025/04/14,2025/04/14,1,"",,,,,,,3.0,,"",,"",No
"Crénom, Baudelaire !",Jean Teulé,"",9782080208842,paperback,read,2021/01/19,2021/02/07,2021/02/07,1,"",,,,,,,2.0,,"",,"",No
Ce qui vient après,Joanne (illustrations) Tomlinson,"",9782351788912,paperback,read,2025/07/27,2025/08/17,2025/07/27-2025/08/17,1,emotional,slow,"","","","","",4.0,"","","","",No
"Zogru, in fr","Doina Ruști, Doina Ruști","",,,read,2022/09/16,2022/12/18,2022/12/18,1,"",,,,,,,3.0,,"",,"",No
Rester vivant: et autres textes,Michel Houellebecq,"",,,read,2015/12/27,2015/12/27,2015/12/27,1,"",,,,,,,5.0,,"",,"",No
Wilt 3,"Tom Sharpe, Tom Sharpe","",,,read,2020/06/28,"","",1,"",,,,,,,3.0,,"",,"",No
À Knokke-le-Zoute !,Nadine Monfils,"",9782221250211,paperback,read,2022/03/06,2022/06/19,2022/06/19,1,"",,,,,,,4.0,,"",,"",No
Le Sans Maître: roman,Virginie Caillé-Bastide,"",9782350877259,,read,2020/06/26,2020/06/28,2020/06/28,1,"",,,,,,,4.0,,"",,"",No
"One Piece, Tome 4: Attaque au clair de lune",Eiichiro Oda,"",9782723489911,paperback,read,2024/06/02,2024/06/02,2024/06/02,1,"",,,,,,,4.0,,"",,"",No
L'Incroyable histoire de la littérature française,"Catherine Mory, Isabelle Lebeau, Christian Lerolle",Philippe Bercovici (Illustrator),9791037500052,paperback,read,2020/05/30,2020/06/21,2020/06/21,1,"",,,,,,,5.0,,"",,"",No
"La Révolution racialiste, et autres virus idéologiques",Mathieu Bock-Côté,"",B08YPB76MS,digital,to-read,2024/04/06,"","",0,"",,,,,,,,,"",,essai,No
Solenoide,Mircea Cărtărescu,Marian Ochoa de Eribe (Translator),9788416542994,hardcover,did-not-finish,2022/05/11,"","",0,"",,,,,,,,,"",,abandonné,No
Histoire de la Rome antique : Les armes et les mots,Lucien Jerphagnon,"",9782012791770,,read,2021/11/14,2022/02/13,2022/02/13,1,"",,,,,,,3.0,,"",,"",No
Armures,Stéphanie Hochet,"",9782743666682,digital,to-read,2025/04/08,"","",0,"",,,,,,,,,"",,"",No
La vie très privée de Mr Sim,Jonathan Coe,Josée Kamoun (Translator),9782070129744,paperback,read,2025/09/20,2025/09/27,2025/09/20-2025/09/27,1,"emotional, funny, inspiring",medium,"","","","","",5.0,"","","","",No
Nos cheveux blanchiront avec nos yeux,Thomas Vinau,"",9782362790003,hardcover,read,2016/07/31,2015/01/01,2015/01/01,1,"",,,,,,,,,"",,"",No
Le Vide qui est en nous,Hélène L'Heuillet,"",9782226498304,digital,to-read,2024/10/17,"","",0,"",,,,,,,,,"",,"",No
Romancero gitano,Federico García Lorca,"",9789871165292,paperback,read,2017/06/05,2017/06/05,2017/06/05,1,"",,,,,,,4.0,,"",,"",No
Le Temps des magiciens : 1919-1929 l'invention de la pensée moderne,Wolfram Eilenberger,Corinna Gepner,"",digital,read,2024/06/22,2024/06/22,2024/06/22,1,"",,,,,,,4.0,,"",,"",No
Pike,Benjamin Whitmer,"",,,read,2020/06/28,2021/03/31,2021/03/31,1,"",,,,,,,4.0,,"",,"",No
Le fils de l'Homme-dé,Luke Rhinehart,"",9782373057966,paperback,to-read,2025/05/17,"","",0,"",,,,,,,,,"",,"",No
Entre fauves,Colin Niel,"",9782812620683,paperback,read,2022/05/10,2023/07/08,2023/07/08,1,"",,,,,,,4.0,,"",,"",No
Un tout petit monde,"Maurice Couturier, David Lodge, Yvonne Couturier","",2869305583,paperback,read,2016/02/07,2016/02/23,2016/02/23,1,"",,,,,,,5.0,"Un livre formidable car il réussit plusieurs prouesses :<br><br>- Celle d'être drôle sans jamais être grossier. Il croque les travers du monde universitaire avec une acuité qui n'a rien perdu de son actualité. Les travers sont tellement bien rendus qu'on y retrouve bien d'autres professions.<br><br>- Celle de raconter une véritable intrigue qui ne sert absolument pas de prétexte à ce qui pourrait ressembler au départ à une simple galerie de personnage. <br><br>- Celle d'être écrit avec un style plein de finesse et de légèreté qui rend la lecture agréable<br><br>- Celle de transformer un ""simple roman"" en livre quasiment culte tant il a ce côté pageturner, ce côté construit et intelligent.<br><br>Un coup de coeur","",,"",No
DRH : mission ou démission - 3 pistes d'action à l'heure du choix,Thomas Chardin,"",9782354563592,,read,2022/04/22,2022/04/23,2022/04/23,1,"",,,,,,,3.0,,"",,"",No
La Maison,Michael McDowell,"Hélène Charrier (Translator), Yoko Lacour (Translator)",9782381960470,paperback,read,2022/05/26,2022/05/30,2022/05/30,1,"",,,,,,,5.0,,"",,"",No
Serments et Deuils,Robin Hobb,Arnaud Mousnier-Lompré (Translator),9782290344392,paperback,read,2022/07/03,2022/07/14,2022/07/14,1,"",,,,,,,5.0,,"",,"",No
Cleopatra and Frankenstein,Coco Mellors,"",9781635576818,hardcover,to-read,2022/11/27,"","",0,"",,,,,,,,,"",,"",No
L'ami Fritz,Erckmann-Chatrian,"",9781482088304,paperback,read,2017/06/05,2017/08/15,2017/08/15,1,"",,,,,,,3.0,,"",,"",No
Le gros poète,Matthias Zschokke,"",9782889279449,,did-not-finish,2023/09/12,"","",0,"",,,,,,,,,"",,abandonné,No
Apocalypse cognitive,Gérald Bronner,"",9782130733041,paperback,read,2023/12/17,2023/12/17,2023/12/17,1,"",,,,,,,5.0,,"",,essai,No
Sangsues - Tome 1,Daisuke Imai,"",9782203095366,paperback,read,2015/08/14,2015/08/14,2015/08/14,1,"",,,,,,,2.0,,"",,"",No
Vies minuscules,Pierre Michon,"",9782070401185,paperback,read,2025/03/26,2025/04/18,2025/04/18,1,"",,,,,,,3.0,,"",,"",No
Hazel,"Sarah Koskievic, Sarah Koskievic","",9791040116417,paperback,read,2023/08/24,2026/02/27,2026/02/22-2026/02/27,1,"",,"","","","","",3.5,"","","","",No
La vie ordinaire,Adèle van Reeth,"",9782072962974,,read,2025/07/12,2025/07/12,2025/07/12-2025/07/12,1,"informative, inspiring",fast,,,,,,5.0,"","","","",No
Les Mémoires d'un chat,Hiro Arikawa,Jean-Louis de la Couronne,9782330078232,paperback,read,2020/06/28,2020/07/13,2020/07/13,1,"",,,,,,,5.0,"Un livre subtil et sensible qui traite de la culture japonaise, de l'amitié et de la fidélité.<br>Tout le livre est traité avec énormément d'élégance et de douceur . On y suit Satoru qui cherche à confier son chat à un ami. Le début d'un très beau voyage.","",,"",No
Fantaisies guérillères,Guillaume Lebrun,"",9782267046649,paperback,read,2022/11/05,2023/05/01,2023/05/01,1,"",,,,,,,4.0,,"",,"",No
Your Town,Shuky,"JF Gagné (Translator), 2D (Illustrator)",9780999769836,hardcover,read,2023/08/06,2023/08/06,2023/08/06,1,"",,,,,,,3.0,,"",,"",No
La Voie magique,Robin Hobb,Arnaud Mousnier-Lompré (Translator),9782290320211,paperback,read,2020/06/02,2020/01/01,2020/01/01,1,"",,,,,,,3.0,,"",,"",No
The Birds,Tarjei Vesaas,"Torbjorn Stoverud, Michael Barnes",9780720611434,paperback,read,2015/08/02,2015/04/01,2015/04/01,1,"",,,,,,,4.0,,"",,"",No
Une nuit au cap de la Chèvre,François Cheng,"",9782226500281,paperback,read,2025/08/02,2025/10/18,2025/10/17-2025/10/18,1,"",,"","","","","",4.0,"","","","",No
Le parfum du bonheur est plus fort sous la pluie,Virginie Grimaldi,"",9782213706573,digital,read,2023/06/15,2023/06/14,2023/06/14,1,"",,,,,,,3.0,,"",,"",No
Home Body,Rupi Kaur,"",9781982172459,paperback,read,2022/11/14,2022/11/26,2022/11/26,1,"",,,,,,,3.0,,"",,"",No
Anéantir,Michel Houellebecq,"",9782080271532,paperback,read,2022/03/30,2022/04/15,2022/04/15,1,"",,,,,,,5.0,,"",,"",No
Pyongyang 1071,Jacky Schwartzmann,"",9782375020807,hardcover,to-read,2023/06/03,"","",0,"",,,,,,,,,"",,"",No
Wisdom of Psychopaths,Kevin Dutton,"",9780374533984,paperback,read,2021/12/26,2022/01/10,2022/01/10,1,"",,,,,,,2.0,,"",,"",No
Le Chagrin,Lionel Duroy,"",,,to-read,2023/06/04,"","",0,"",,,,,,,,,"",,"",No
La Douleur porte un costume de plumes,Max Porter,Charles Recoursé (Translator),9782021243567,paperback,read,2016/07/02,2016/07/11,2016/07/11,1,"",,,,,,,3.0,,"",,"",No
Très chers amis,Gary Shteyngart,"",9782823619751,,to-read,2024/01/06,"","",0,"",,,,,,,,,"",,essai,No
Le roi n'avait pas ri,Guillaume Meurice,"",9782709667869,paperback,to-read,2023/08/12,"","",0,"",,,,,,,,,"",,"",No
L'Homme noir,Robin Hobb,Arnaud Mousnier-Lompré (Translator),9782290353073,paperback,read,2023/01/31,2023/01/31,2023/01/31,1,"",,,,,,,5.0,,"",,"",No
Comment gouverner un peuple-roi ?: Traité nouveau d'art politique,Pierre-Henri Tavoillot,"","",digital,read,2020/12/14,2020/12/14,2020/12/14,1,"",,,,,,,5.0,,"",,"",No
David Foster Wallace,"Max, D. T.","Jakuta, Alikavazovic",9782823601725,paperback,read,2022/04/23,2022/05/01,2022/05/01,1,"",,,,,,,4.0,,"",,"",No
Au lit au Moyen Âge: Comment et avec qui,"Lucien d’Azay, Chiara Frugoni",Chiara Frugoni (Translator),,,to-read,2024/02/24,"","",0,"",,,,,,,,,"",,histoire,No
Mieux vaut mourir debout que vivre à genoux,Patrick Pelloux,"",9782221141274,paperback,read,2022/03/06,2022/08/27,2022/08/27,1,"",,,,,,,3.0,,"",,"",No
Mater Dolorosa,Jurica Pavičić,"",9782382461235,paperback,to-read,2024/10/17,"","",0,"",,,,,,,,,"",,"",No
Solomon Gursky Was Here,Mordecai Richler,"",9780670825264,hardcover,read,2016/04/02,2016/04/30,2016/04/30,1,"",,,,,,,2.0,"J'ai trouvé ce livre trop déstructuré, trop décousu. Par moment on est entrainé avec joie entre les époques et les atmosphère de cette gigantesque fresque familiale. Le reste du temps j'ai trouvé que le roman piétinait sans jamais vraiment être celui qu'on attend. Ce n'est ni une saga familale, ni un roman fantastique, ni un roman historique, Solomon Gursky mix les styles et les époques avec tantôt beaucoup de brio et parfois avec des atermoiements qui m'ont perdus.","",,"",No
Bleu de travail,Thomas Vinau,"",,paperback,read,2016/04/18,2016/04/24,2016/04/24,1,"",,,,,,,5.0,"Un livre formidable où la prose poétique de Thomas Vinau s'empare des émotions et des""beautées ratées"" de la vie quotidienne pour nous en faire découvrir la vertigineuse poésie.","",,"",No
Quand les politiques nous faisaient rire,Jean-Louis Debré,"",9782382921067,paperback,read,2025/10/18,2025/10/25,2025/10/18-2025/10/25,1,funny,,,,,,,3.5,"","","","",No
Un jour je m'en irai sans en avoir tout dit,Jean d'Ormesson,"",9782221138335,paperback,read,2015/08/04,2015/02/01,2015/02/01,1,"",,,,,,,3.0,,"",,"",No
Le Vaisseau magique,Robin Hobb,Arnaud Mousnier-Lompré (Translator),9782290325711,paperback,read,2023/03/02,2024/11/26,2024/11/26,1,"",,,,,,,5.0,,"",,"",No
Latitude zéro : 40000 km pour partir à la rencontre du monde,Mike Horn,"",9782266130288,paperback,read,2015/08/08,2015/10/01,2015/10/01,1,"",,,,,,,5.0,,"",,"",No
L'Oeil du Monde : première partie,Robert Jordan,Jean-Claude Mallé (Translator),9791028102586,paperback,read,2025/05/08,2025/05/15,2025/05/15,1,"",,,,,,,4.0,,"",,"",No
Pression fatale,"Nicole Patilloux, Rita Falk","Brigitte Lethrosne (Translator), Rita Falk (Translator)",,,read,2020/12/14,2020/12/14,2020/12/14,1,"",,,,,,,4.0,,"",,"",No
Lolita,Vladimir Nabokov,Maurice Couturier (Translator),9782070412082,paperback,read,2026/01/17,2026/02/15,2026/01/17-2026/02/15,1,"",,"","","","","",4.5,"","","","",No
Le Bruit des autres,"Jean Esch, Amy Grace Loyd",Amy Grace Loyd (Translator),9782234075566,paperback,read,2015/08/02,2015/06/01,2015/06/01,1,"",,,,,,,2.0,,"",,"",No
Le noeud gordien,Georges Pompidou,"",9782262080266,,read,2022/01/09,2022/01/09,2022/01/09,1,"",,,,,,,4.0,,"",,"",No
L'Homme de miel,Olivier Martinelli,"","",digital,read,2023/07/06,2020/05/30,2020/05/30,2,"",,,,,,,5.0,,"",,"",No
L'Enfer commence avec elle,"John O'Hara, John O'Hara","",,,to-read,2020/07/13,"","",0,"",,,,,,,,,"",,"",No
Crossroads,Jonathan Franzen,"",9780385693752,digital,to-read,2023/12/01,"","",0,"",,,,,,,,,"",,litt-rature,No
Hildegarde,Léo Henry,"",9782370490612,paperback,read,2021/03/31,2021/04/04,2021/04/04,1,"",,,,,,,3.0,,"",,"",No
Purity,Jonathan Franzen,"",9782764624371,paperback,to-read,2025/05/30,"","",0,"",,,,,,,,,"",,"",No
Super Triste Histoire D'Amour,Gary Shteyngart,"",9782757832202,paperback,read,2022/08/18,2022/11/20,2022/11/20,1,"",,,,,,,4.0,,"",,"",No
La poésie est invincible,Abdellatif Laâbi,"",9791027803125,paperback,read,2022/08/21,2022/08/21,2022/08/21,1,"",,,,,,,3.0,,"",,"",No
Les gens heureux lisent et boivent du café,Agnès Martin-Lugand,"","",paperback,read,2016/02/01,2016/02/08,2016/02/08,1,"",,,,,,,2.0,,"",,"",No
Molière,Boris Donné,"",9782204148962,,read,2023/12/26,2023/12/26,2023/12/26,1,"",,,,,,,3.0,,"",,histoire,No
L'apparence du vivant ,Charlotte Bourlard,"",9782360841431,paperback,read,2022/12/05,2022/12/05,2022/12/05,1,"",,,,,,,4.0,Premier roman impressionnant. Noir. Noir. Noir .,"",,"",No
Revue XXI #58,Various,"",9782356381699,hardcover,read,2022/04/27,2022/05/11,2022/05/11,1,"",,,,,,,3.0,,"",,"",No
Mine de rien,"Rim Battal, Arthur H","",9791027803118,paperback,read,2023/05/11,2023/05/11,2023/05/11,1,"",,,,,,,4.0,,"",,"",No
"L'homme sans qualités, tome 1","Robert Musil, Philippe Jaccottet","",9782020238151,paperback,to-read,2025/06/16,"","",0,"",,,,,,,,,"",,"",No
Chronique d'une mort annoncée,Gabriel García Márquez,Claude Couffon (Translator),9782253043973,paperback,read,2017/08/27,2017/09/06,2017/09/06,1,"",,,,,,,4.0,,"",,"",No
Les passants de Lisbonne,Philippe Besson,"",9782260029205,paperback,read,2017/02/01,2017/02/05,2017/02/05,1,"",,,,,,,2.0,,"",,"",No
Pour que tu ne te perdes pas dans le quartier,Patrick Modiano,"",9782070146932,paperback,read,2015/09/04,2015/01/01,2015/01/01,1,"",,,,,,,3.0,,"",,"",No
Brefs Entretiens avec des hommes hideux,David Foster Wallace,"Jean-René Etienne, Julie Etienne",9782846260886,paperback,read,2015/08/16,2016/02/14,2016/02/14,1,"",,,,,,,4.0,,"",,"",No
Under the Volcano,Malcolm Lowry,"",9780061120152,paperback,read,2025/07/14,2025/07/26,2025/07/14-2025/07/26,1,"",,,,,,,,,"",,"",No
"One Piece, Tome 9: Larmes",Eiichiro Oda,"",9782723492539,paperback,read,2025/05/22,2025/05/29,2025/05/29,1,"",fast,"","",Yes,Yes,"",3.0,"","","","",No
Tous les hommes n'habitent pas le monde de la même façon,Jean-Paul Dubois,"",9782823615166,paperback,read,2021/08/11,2021/09/05,2021/09/05,1,"",,,,,,,5.0,,"",,"",No
L'inconnu de la Forêt,Harlan Coben,"",9782298159394,paperback,did-not-finish,2023/05/22,"","",0,"",,,,,,,,,"",,abandonné,No
Yama Loka terminus: Dernières nouvelles de Yirminadingrad,"Léo Henry, Jacques Mucchielli","",9782353460212,paperback,read,2021/03/31,2021/04/24,2021/04/24,1,"",,,,,,,2.0,,"",,"",No
Blizzard,Marie Vingtras,"",9782823617054,paperback,read,2021/10/24,2021/10/24,2021/10/24,1,"",,,,,,,5.0,,"",,"",No
"L'œuvre de Dieu, la part du Diable",John Irving,"Guy Casaril (Translator), Françoise Casaril (Translator)",9782020257800,paperback,to-read,2022/07/17,"","",0,"",,,,,,,,,"",,"",No
Mon maître et mon vainqueur,François-Henri Désérable,"",9782072900945,paperback,read,2023/06/15,2023/06/15,2023/06/15,1,"",,,,,,,5.0,,"",,"",No
Les marins ne savent pas nager,Dominique Scali,"",9782925141198,paperback,read,2022/12/31,2023/01/22,2023/01/22,1,"",,,,,,,5.0,,"",,"",No
Circe,Madeline Miller,"",9780316556347,hardcover,read,2021/04/24,2021/04/24,2021/04/24,1,"",,,,,,,5.0,,"",,"",No
La Montagne magique,Thomas Mann,Maurice Betz (Translator),9782253057529,paperback,to-read,2025/07/29,"","",0,"",,,,,,,,,"",,"",No
Cabane - Prix des Libraires de Nancy Le Point 2024,Abel Quentin,"",9791032925454,,to-read,2024/10/17,"","",0,"",,,,,,,,,"",,"",No
Le Livre de Ma Mere,Albert Cohen,"",9782070365616,paperback,read,2025/10/21,2025/10/25,2025/10/21-2025/10/25,1,"inspiring, sad",,,,,,,5.0,<div>Le plus beau livre jamais écrit d’un fils à sa mère. Par l’un des plus grands auteurs du XXeme.</div>,"","","",No
888-1180. Féodalités,Florian Mazel,Jean-Louis Biget,9782072798962,digital,to-read,2025/03/23,"","",0,"",,,,,,,,,"",,"",No
La Secte maudite,Robin Hobb,Arnaud Mousnier-Lompré (Translator),9782290337714,paperback,read,2020/07/08,2020/08/04,2020/08/04,1,"",,,,,,,5.0,,"",,"",No
La crue,Michael McDowell,"Yoko Lacour (Translator), Hélène Charrier (Translator)",9782381960456,paperback,read,2022/04/09,2022/04/09,2022/04/09,1,"",,,,,,,4.0,,"",,"",No
La Vitesse Foudroyante Du Passé,"Raymond Carver, Raymond Carver","",,,read,2016/04/07,2016/04/18,2016/04/18,1,"",,,,,,,2.0,,"",,"",No
Le Bureau des affaires occultes,Eric Fouassier,"",9782253107729,paperback,read,2022/11/22,2022/12/03,2022/12/03,1,"",,,,,,,4.0,,"",,"",No
Tristesse de la terre : Une histoire de Buffalo Bill Cody,"Nicola Denis, Éric Vuillard","",9782330035990,paperback,to-read,2023/08/12,"","",0,"",,,,,,,,,"",,"",No
Le Roi de fer,Maurice Druon,"",9782253011019,paperback,read,2023/06/10,2023/06/25,2023/06/25,1,"",,,,,,,5.0,,"",,"",No
Le vrai rôle du papa,Eric Tognoni,"",9782889052233,,read,2024/11/20,2024/11/24,2024/11/24,1,"",,,,,,,4.0,,"",,"",No
UN ETRANGER NOMME PICASSO,Annie Cohen-Solal,"",9782213711447,,did-not-finish,2025/07/27,"","",0,"",,,,,,,,,"",,"",No
Une fatalité de bonheur,Philippe Forest,"",9782246812081,digital,read,2016/05/29,2016/06/14,2016/06/14,1,"",,,,,,,4.0,Un Abécédaire poétique qui mêle à la fois la poésie d'Arthur Rimbaud (et de Georges Bataille) avec la vie et l'oeuvre de l'auteur. Un livre qui est agréable à lire et dont le cheminement nous porte avec plaisir du A vers le Z.,"",,"",No
North Woods,Daniel Mason,"",9780593597033,hardcover,to-read,2024/11/15,"","",0,"",,,,,,,,,"",,"",No
Rupture(s),Claire Marin,"",9791032903384,paperback,read,2023/06/04,2023/01/01,2023/01/01,1,"",,,,,,,4.0,,"",,"",No
L'Énéide,Virgil,"",9781508435631,paperback,read,2024/06/22,2024/06/26,2024/06/26,1,"",,,,,,,4.0,,"",,"",No
"De moi, pauvre, je veux parler: vie et mort de François Villon",Sophie Cassagnes-Brouquet,"",9782226325921,,read,2023/10/02,2023/10/05,2023/10/05,1,"",,,,,,,4.0,,"",,"",No
Le Sacre,"Jan Guillou, Jan Guillou","",,,read,2025/03/08,2025/03/26,2025/03/26,1,"",,,,,,,3.0,,"",,"",No
Je pense donc je jouis: Philosophie du cul,Sylvain Bosselet,"",9782315004980,,did-not-finish,2024/03/09,"","",0,"",,,,,,,,,"",,"abandonné, essai",No
"Un coeur sous une soutane, Volume 2","Jacky Schwartzmann, Sylvain Vallée","",9782205211306,hardcover,read,2025/05/05,2025/05/06,2025/05/06,1,"",,,,,,,4.0,,"",,"",No
The Craftsman,Richard Sennett,"",9780300119091,hardcover,read,2017/06/05,2017/06/27,2017/06/27,1,"",,,,,,,4.0,,"",,"",No
Contes glacés,Jacques Sternberg,Joseph Duhamel,9782874230240,paperback,read,2020/05/17,2020/05/23,2020/05/23,1,"",,,,,,,1.0,,"",,"",No
Le joueur,Fyodor Dostoevsky,"",9782070368938,paperback,read,2021/07/28,2021/07/31,2021/07/31,1,"",,,,,,,5.0,,"",,"",No
Milk and Honey,Rupi Kaur,"",9781502784278,paperback,read,2022/05/06,2022/06/24,2022/06/24,1,"",,,,,,,5.0,,"",,"",No
Les Oreilles de Buster,Maria Ernestam,Esther Sermage,9782330014452,paperback,read,2021/07/05,2021/08/19,2021/08/19,1,"",,,,,,,5.0,,"",,"",No
Matière première,Raphaël Enthoven,"",9782070139583,,read,2017/08/28,2018/05/17,2018/05/17,1,"",,,,,,,4.0,,"",,"",No
Changer l'eau des fleurs,Valérie Perrin,"",9782226403049,paperback,read,2022/07/10,2022/07/17,2022/07/17,1,"",,,,,,,5.0,,"",,"",No
Une simple lettre d'amour,Yann Moix,"",,,read,2015/08/02,2015/07/01,2015/07/01,1,"",,,,,,,5.0,,"",,"",No
Un Bonheur Parfait,James Salter,"",9782757811009,paperback,read,2015/08/02,2015/07/01,2015/07/01,1,"",,,,,,,4.0,,"",,"",No
La Consolation de la philosophie,Boèce,"","",digital,read,2021/06/28,2021/01/01,2021/01/01,1,"",,,,,,,3.0,,"",,"",No
Évasion,Benjamin Whitmer,"",9782351781876,paperback,read,2020/05/22,2020/05/25,2020/05/25,1,"",,,,,,,5.0,,"",,"",No
Les Reliques d'Anekai: Le Coffre de l'Usurpateur,Guillaume Bersier,"",9782322427765,digital,read,2024/05/25,2024/06/02,2024/06/02,1,"",,,,,,,4.0,,"",,"",No
La Digue,Michael McDowell,"",9782381960463,paperback,read,2022/04/19,2022/04/19,2022/04/19,1,"",,,,,,,5.0,,"",,"",No
L'oeil de Cuivre,"Constantin Kaïtéris, Panagiotis A. Agapitos",Panagiotis A. Agapitos (Translator),,,did-not-finish,2022/04/16,"","",0,"",,,,,,,,L'univers du livre est formidable et il se dégage une incroyable ambiance. Dommage que l'auteur ne soit pas plus pédagogue et qu'il soit nécessaire de faire tellement d'aller et retour dans le glossaire et la liste des personnages. La lecture est finalement assez fasitidieuse.,"",,abandonné,No
Son fils,Justine Lévy,"",9782234083233,paperback,read,2022/01/18,2022/01/22,2022/01/22,1,"",,,,,,,4.0,,"",,"",No
Plateforme,Michel Houellebecq,"",9782290321232,paperback,to-read,2025/06/23,"","",0,"",,,,,,,,,"",,"",No
Nom d'une pipe !,Nadine Monfils,"",9782221250204,paperback,read,2022/03/06,2022/03/06,2022/03/06,1,"",,,,,,,4.0,,"",,"",No
Bella Figura,Yasmina Reza,"",,,read,2016/01/24,2016/01/25,2016/01/25,1,"",,,,,,,4.0,Une pièce de théatre formidable où chacun tente de tenir sa place. Il est souvent important de faire bonne figure (bella figura) mais quand le masque tombe ce sont les grimaces qui apparaissent,"",,"",No
Nouvelle Histoire du Moyen Age,Florian Mazel,"",9782021460353,hardcover,to-read,2025/03/23,"","",0,"",,,,,,,,,"",,"",No
Les Choses que nous avons vues,Hanna Bervoets,Noëlle Michelle (Translator),9782493206039,paperback,read,2022/06/19,2022/06/19,2022/06/19,1,"",,,,,,,5.0,,"",,"",No
L'Homme-dé,Luke Rhinehart,Didier Coste,9782879291673,,read,2016/05/11,2016/06/07,2016/06/07,1,"",,,,,,,5.0,Un livre formidable ! Certainement l'un des meilleurs livres en 2016. <br><br>j'ai vraiment ADORE,"",,"",No
Thecel,Léo Henry,"",9782072849633,paperback,read,2020/06/28,2020/12/26,2020/12/26,1,"",,,,,,,5.0,,"",,"",No
Marked for Life,Emelie Schepp,"",9780778319566,hardcover,read,2023/12/17,2023/12/24,2023/12/24,1,"",,,,,,,3.0,,"",,litt-rature,No
Enfants au Moyen Age: (XIIe-XVe siècle),"Didier Lett, Danièle Alexandre-Bidon","",9791021057852,,read,2025/07/03,2025/10/05,2025/10/05-2025/10/05,1,informative,,,,,,,4.0,"","","","",No
Le Livre des Baltimore,Joël Dicker,"",9782877069472,paperback,read,2015/10/24,2015/11/06,2015/11/06,1,"",,,,,,,5.0,,"",,"",No
"Le temps des prédateurs: la Chine, les États-Unis, la Russie et nous",François Heisbourg,"",9782738152015,,read,2022/04/10,2022/04/19,2022/04/19,1,"",,,,,,,3.0,,"",,"",No
Lunar Park,Bret Easton Ellis,"",9780375727276,paperback,to-read,2023/03/26,"","",0,"",,,,,,,,,"",,"",No
Le Second Sommeil,"Natalie Zimmermann, Robert Harris",Robert Harris (Translator),,,read,2025/06/08,2025/06/14,2025/06/08-2025/06/14,1,"adventurous, dark, mysterious",medium,Plot,No,Yes,Yes,No,4.5,"","","","",No
L'Arbre de Colère,Guillaume Aubin,"",9782376650331,digital,read,2022/03/06,2022/03/13,2022/03/13,1,"",,,,,,,4.0,,"",,"",No
Histoire de la fatigue,Georges Vigarello,"",9782021291919,paperback,read,2021/08/11,2021/08/14,2021/08/14,1,"",,,,,,,4.0,,"",,"",No
Comment écrire sa thèse,"Umberto Eco, Laurent Cantagrel","",,,read,2017/03/26,2017/04/15,2017/04/15,1,"",,,,,,,3.0,"Les conseils sont un peu datés et conviennent spécifiquement aux thésard en littérature, histoire, philosophie, philologie et autres sciences très littéraires.<br>Pour le reste le développement de la pensée d'Eco, ses conseils et la précision de son savoir encyclopédique reste un bonheur.","",,"",No
L'invention de Tristan,Adrien Bosc,"",9782234099395,paperback,to-read,2025/04/08,"","",0,"",,,,,,,,,"",,"",No
L'énigme de l'anguille et autres bizarreries animales,Lucy Cooke,Esther Ménévis (Translator),"",,read,2021/09/22,2021/10/31,2021/10/31,1,"",,,,,,,5.0,,"",,"",No
Les archives des sentiments,Peter Stamm,Pierre Deshusses (Translator),9782267051094,paperback,read,2025/06/04,2025/06/08,2025/06/04-2025/06/08,1,"emotional, sad",slow,Character,Yes,It's complicated,No,"",4.5,"","","","",No
Foucault en Californie. Un récit inédit.,Simeon Wade,"",9782355221583,paperback,read,2021/04/03,2021/04/03,2021/04/03,1,"",,,,,,,4.0,,"",,"",No
Explosive modernité: Malaise dans la vie intérieure,Eva Illouz,"",9782073026484,paperback,to-read,2025/06/19,"","",0,"",,,,,,,,,"",,"",No
Conquistadors,Éric Vuillard,"",9782330053222,paperback,to-read,2023/08/12,"","",0,"",,,,,,,,,"",,"",No
L'Art de la méditation,Matthieu Ricard,"",9782266194242,paperback,read,2015/08/08,2015/12/27,2015/12/27,1,"",,,,,,,2.0,,"",,"",No
Penser ce qui nous arrive avec Hannah Arendt,Bérénice Levet,"",9791032915110,,to-read,2024/10/17,"","",0,"",,,,,,,,,"",,"",No
James,Percival Everett,Anne-Laure Tissut (Translator),9782823622188,paperback,to-read,2025/09/14,"","",0,"",,,,,,,,,"",,"",No
Cry Father,Benjamin Whitmer,"",9782351786437,,read,2020/06/28,2020/08/04,2020/08/04,1,"",,,,,,,3.0,,"",,"",No
Ici ça va,Thomas Vinau,"",9782264061683,paperback,read,2015/08/02,2015/02/01,2015/02/01,1,"",,,,,,,5.0,,"",,"",No
Canada,Richard Ford,"",9780061692048,hardcover,read,2016/03/28,2016/03/15,2016/03/15,1,"",,,,,,,4.0,,"",,"",No
L'Homme qui penche,Thierry Metz,"",9782877041799,paperback,read,2017/08/27,2017/09/06,2017/09/06,1,"",,,,,,,5.0,,"",,"",No
Trois hommes dans un bateau,Jerome K. Jerome,"",9798652705480,paperback,read,2021/11/12,2021/11/12,2021/11/12,1,"",,,,,,,4.0,,"",,"",No
Utérotopie,Espedite,"",9782330173869,paperback,read,2023/08/15,2023/08/23,2023/08/23,1,"",,,,,,,2.0,,"",,"",No
Le Panoptique,"Jeremy Bentham, Michelle Perrot","",9782841007745,,to-read,2024/10/17,"","",0,"",,,,,,,,,"",,"",No
Le Lièvre de Vatanen,Arto Paasilinna,Anne Colin du Terrail (Translator),9782070386024,paperback,read,2025/09/06,2025/09/20,2025/09/06-2025/09/20,1,adventurous,fast,"","","","","",3.0,"","","","",No
Lake Success,Gary Shteyngart,"",9780812997415,hardcover,read,2021/07/11,2021/07/18,2021/07/18,1,"",,,,,,,5.0,,"",,"",No
Gros-Câlin,"Émile Ajar, Romain Gary","",9782070445622,paperback,read,2025/09/28,2025/10/04,2025/09/28-2025/10/04,1,"emotional, funny, reflective",fast,"","","","","",4.5,"","","","",No
Le banquier anarchiste,Fernando Pessoa,Françoise Laye,9782267015379,paperback,read,2017/08/25,2017/09/17,2017/09/17,1,"",,,,,,,2.0,"Le monologue d'un banquier anarchiste. Le Texte est percutant, bien construit. Je ne l'ai pas aimé car on n'y retrouve pas ce qui fait la joie des textes de Pessoa.","",,"",No
Le Juge Et Son Bourreau,Friedrich Dürrenmatt,"",9782253932642,paperback,to-read,2025/04/08,"","",0,"",,,,,,,,,"",,"",No
"One Piece, Tome 8: Je ne vais pas mourir",Eiichiro Oda,"",9782723436236,paperback,read,2025/05/21,2025/05/21,2025/05/21,1,"",,,,,,,4.0,,"",,"",No
Crédit illimité,Nicolas Rey,"",9782290387580,digital,read,2023/08/26,2023/08/26,2023/08/26,1,"",,,,,,,2.0,,"",,"",No
LE LIEVRE DE VATANEN,Arto Paasilinna,"",9782207250273,paperback,to-read,2025/06/21,"","",0,"",,,,,,,,,"",,"",No
Bien-être,Nathan Hill,Nathalie Bru (Translator),9782072999901,paperback,to-read,2025/05/17,"","",0,"",,,,,,,,,"",,"",No
Pluie,Michael McDowell,"",9782381960500,paperback,read,2022/08/14,2022/08/15,2022/08/15,1,"",,,,,,,5.0,,"",,"",No
Les Corrections,"Rémy Lambrechts, Jonathan Franzen","",,,read,2025/05/19,2025/05/29,2025/05/29,1,"",,,,,,,5.0,,"",,"",No
Paul Celan: les jours et les nuits,"Werner Hamacher, Jean Daive","",9782370840264,,read,2017/08/15,2017/08/25,2017/08/25,1,"",,,,,,,3.0,,"",,"",No
Le Prieuré de l'Oranger - Partie I,Samantha Shannon,"Benjamin Kuntzer (Translator), Jean-Baptiste Bernet (Translator)",9782290253175,paperback,read,2024/11/13,2024/12/01,2024/12/01,1,"",,,,,,,4.0,,"",,"",No
Le syndrome de l'Orangerie,Grégoire Bouillier,"",9782080445742,paperback,read,2025/06/23,2025/07/14,2025/06/23-2025/07/14,1,"challenging, informative",slow,"","","","","",2.0,"","","","",No
Miss Islande,Auður Ava Ólafsdóttir,Éric Boury (Translator),9782843048692,paperback,read,2020/08/30,"","",1,"",,,,,,,5.0,,"",,"",No
Mémoires de Dirk Raspe,"Pierre Drieu la Rochelle, Pierre Andreu","",9782070220120,,read,2021/02/07,2021/02/07,2021/02/07,1,"",,,,,,,4.0,,"",,"",No
L'impossible retour,Amélie Nothomb,"",9782226495945,paperback,to-read,2024/10/17,"","",0,"",,,,,,,,,"",,"",No
Miniaturiste,Jessie Burton,Dominique Letellier (Translator),9782070144228,paperback,to-read,2023/12/31,"","",0,"",,,,,,,,,"",,litt-rature,No
La Fortune,Michael McDowell,"",9782381960494,paperback,read,2022/07/17,2022/08/14,2022/08/14,1,"",,,,,,,5.0,,"",,"",No
Le travail est la solution ,Franck Morel,"",9791037041814,,read,2025/11/08,2026/01/03,2025/11/08-2026/01/03,1,"",,,,,,,3.0,"","","","",No
Aurélien,Louis Aragon,"",9782070393688,paperback,read,2021/03/31,2021/08/11,2021/08/11,1,"",,,,,,,3.0,,"",,"",No
« Arrête avec tes mensonges »,Philippe Besson,"",9782260029939,digital,read,2017/01/14,2017/01/21,2017/01/21,1,"",,,,,,,4.0,"Un livre d'une grande pudeur. A la fois touchant et subtil. La construction du livre en trois temps est bien pensée. L'histoire est belle, jamais mièvre, jamais tiède. Un beau roman.","",,"",No
La Reine morte,Henry de Montherlant,"",9782070360123,paperback,read,2017/01/22,2017/01/28,2017/01/28,1,"",,,,,,,4.0,,"",,"",No
Le Dépeupleur,Samuel Beckett,"",9782707302885,paperback,read,2025/04/19,2025/04/19,2025/04/19,1,"",,,,,,,5.0,,"",,"",No
Ci-gît l’amer. Guérir du ressentiment,Cynthia Fleury,"",9782072858581,digital,read,2021/03/31,2021/04/03,2021/04/03,1,"",,,,,,,3.0,,"",,"",No
Tout cela n'a rien à voir avec moi,Monica Sabolo,"",,paperback,read,2021/08/19,2021/08/19,2021/08/19,1,"",,,,,,,2.0,,"",,"",No
Vårt behov av tröst,"Olof Lagercrantz, Stig Dagerman","","",hardcover,read,2021/11/27,2021/11/27,2021/11/27,1,"",,,,,,,4.0,,"",,"",No
Neveu de Wittgenstein,Thomas Bernhard,"",9782070384471,paperback,read,2020/05/17,2020/05/23,2020/05/23,1,"",,,,,,,2.0,,"",,"",No
La conquête de la liberté,Robin Hobb,"","",,read,2025/10/21,2025/11/13,2025/10/21-2025/11/13,1,"",,"","","","","",5.0,"","","","",No
En l'absence du capitaine,Cécile Coulon,"",9791027803149,paperback,read,2022/12/18,2022/12/24,2022/12/24,1,"",,,,,,,5.0,Lire Cécile Coulon c'est se planter un couteau dans l'abdomen et sourire de la beauté du monde.,"",,"",No
Le passé à venir: Repenser l'idée de génération,Tim Ingold,"",9782021576955,digital,to-read,2025/05/03,"","",0,"",,,,,,,,,"",,"",No
Shit !,Jacky Schwartzmann,"",9782021526721,hardcover,read,2023/06/03,2024/03/24,2024/03/24,1,"",,,,,,,5.0,,"",,"",No
"Les croisades - Histoire, idées reçues et méconnues","Sylvain Gouguenheim, Martin Aurell","",9782262105266,,to-read,2025/06/19,"","",0,"",,,,,,,,,"",,"",No
"Habemus Bastard, 1/2 L'être nécessaire","Jacky Schwartzmann, Sylvain Vallée, Sylvain Vallée, Elvire de Cock","",,,read,2025/05/04,2025/05/05,2025/05/05,1,"",,,,,,,4.0,,"",,"",No
Par les routes,Sylvain Prudhomme,"",9782072740381,paperback,read,2021/07/18,2021/07/26,2021/07/26,1,"",,,,,,,4.0,,"",,"",No
Respirer à fond,Rita Halász,"",9782267054095,paperback,to-read,2025/04/08,"","",0,"",,,,,,,,,"",,"",No
Quand viendra l'aube,Dominique Fortier,"",9782896946037,paperback,to-read,2025/04/08,"","",0,"",,,,,,,,,"",,"",No
Le Liseur du 6h27,Jean-Paul Didierlaurent,"",9782070461448,paperback,read,2022/04/30,2022/05/05,2022/05/05,1,"",,,,,,,2.0,,"",,"",No
Anagrammes pour lire dans les pensées,"Jacques Perry-Salkow, Raphaël Enthoven",Chen Jiang Hong (Illustrator),,digital,read,2017/06/05,2017/06/19,2017/06/19,1,"",,,,,,,5.0,,"",,"",No
The Bunker Diary,Kevin Brooks,"",9780141326122,paperback,read,2016/08/25,2016/11/13,2016/11/13,1,"",,,,,,,4.0,Définitivement un livre qu'il est très compliqué de lâcher. La psychologie du kidnapper en particulier est ce qui rend le livre si particulier. A conseiller aux adeptes des films d'horreur comme Saw.,"",,"",No
Un autre m'attend ailleurs,Christophe Bigot,"",9791040118435,,to-read,2024/10/17,"","",0,"",,,,,,,,,"",,"",No
Les dynamiteurs,Benjamin Whitmer,Jacques Mailhos (Translator),9782351782293,paperback,read,2021/12/19,2021/12/20,2021/12/20,1,"",,,,,,,5.0,,"",,"",No
Je suis un chat,Tirol Cobato,Natsume Sōseki,9782809711905,paperback,read,2017/03/29,2017/04/05,2017/04/05,1,"",,,,,,,,,"",,"",No
En attendant Bojangles,Olivier Bourdeaut,"",9782363390639,paperback,read,2017/04/08,2017/09/19,2017/09/19,1,"",,,,,,,5.0,,"",,"",No
L'Homme incendié: Le roman de Giordano Bruno,Serge Filippini,"",9782752909220,digital,read,2024/07/20,2024/08/16,2024/08/16,1,"",,,,,,,4.0,,"",,"",No
Les Jeunes Mariés,"Nell Freudenberger, Sabine Porte",Nell Freudenberger (Translator),9782710370260,paperback,read,2021/09/05,2021/09/22,2021/09/22,1,"",,,,,,,4.0,,"",,"",No
Chronique fidèle des événements survenus au siècle dernier dans la Principauté de Wasquelham comprenant des révélations sur l'étrange pouvoir d'une certaine Rosa qui faisait à son insu le bonheur des plus malheureux des hommes,Maurice Pons,"",9782207204825,,to-read,2023/07/09,"","",0,"",,,,,,,,,"",,"",No
L'accompagnatrice,Nina Berberova,Leonella Prato Caruso,9788807811180,paperback,read,2015/08/07,2015/02/01,2015/02/01,1,"",,,,,,,3.0,,"",,"",No
Forgotten Peoples of the Ancient World,Philip Matyszak,"",9780500052150,hardcover,to-read,2024/02/25,"","",0,"",,,,,,,,,"",,essai,No
Le siècle des égarés,"Julia de Funès, Julia de Funès","",,,to-read,2024/11/15,"","",0,"",,,,,,,,,"",,philosophie,No
Les Ronces (Poésie),Cécile Coulon,"",9791027802784,paperback,read,2022/02/26,2022/03/05,2022/03/05,1,"",,,,,,,5.0,,"",,"",No
Oublier Palerme,Roux Charles,"",9782253009245,paperback,read,2021/08/01,2021/08/11,2021/08/11,1,"",,,,,,,3.0,,"",,"",No
Dark Matter,Blake Crouch,"",9781101904220,hardcover,to-read,2024/07/13,"","",0,"",,,,,,,,,"",,"",No
Nageur de rivière,Jim Harrison,Brice Matthieussent (Translator),9782081262096,paperback,read,2015/08/02,2015/06/01,2015/06/01,1,"",,,,,,,4.0,,"",,"",No
Eva,Simon Liberati,"",9782234077294,paperback,read,2015/10/04,2015/10/24,2015/10/24,1,"",,,,,,,3.0,"Si le livre déçoit c'est pour la même exacte raison qu'il parvient parfois à nous enchanter. Alors que l'on s'attend à la lecture d'une histoire d'amour l'auteur propose une réflexion sur la littérature en action et le fantasme de voir le personnage d'un de ses romans entrer dans sa vie. L'écriture est belle, parfois un peu pesante mais certains passages valent vraiment l'effort que nous infligent certains paragraphes. Au final un livre un peu décousu et volontairement bohème qui est traversé de fulgurances poétiques.","",,"",No
HBR's 10 Must Reads 2015,"Harvard Business Review, Daniel Goleman, W. Chan Kim","",9781633690219,paperback,read,2015/10/03,2015/09/01,2015/09/01,1,"",,,,,,,3.0,,"",,"",No
Vivre la misère au Moyen Âge,Jean-Louis Roch,"",9782251918785,digital,read,2023/10/20,2023/11/19,2023/11/19,1,"",,,,,,,3.0,,"",,"",No
Le Prophète blanc,Robin Hobb,Arnaud Mousnier-Lompré (Translator),9782290337707,paperback,read,2020/06/22,2020/07/08,2020/07/08,1,"",,,,,,,5.0,,"",,"",No
L'étourdissement,Joël Egloff,"",9782070311576,paperback,read,2016/08/19,2014/01/01,2014/01/01,1,"",,,,,,,5.0,,"",,"",No
Lettres à un jeune poète,Rainer Maria Rilke,"",9782290376850,paperback,read,2020/05/17,2020/05/17,2020/05/17,1,"",,,,,,,3.0,,"",,"",No
L'heure des prédateurs,Giuliano da Empoli,"",9782073113207,paperback,to-read,2025/05/17,"","",0,"",,,,,,,,,"",,"",No
Le serpent de l'Essex,Sarah Perry,Christine Laferrière (Translator),9782267030549,paperback,to-read,2023/12/31,"","",0,"",,,,,,,,,"",,litt-rature,No
Salammbô,"A.J. Krailsheimer, Gustave Flaubert","",9782080205292,,read,2022/01/14,2022/01/14,2022/01/14,1,"",,,,,,,3.0,,"",,"",No
Rapatriement,"Eve Guerra, Eve Guerra","",,,to-read,2025/04/08,"","",0,"",,,,,,,,,"",,"",No
La Consolation de Philosophie,Boece,"",9782253082477,paperback,read,2021/06/28,2021/06/28,2021/06/28,1,"",,,,,,,3.0,,"",,"",No
Retour à la case départ,Stephen McCauley,"",9782264075390,,read,2025/06/15,2025/06/23,2025/06/15-2025/06/23,1,"emotional, hopeful, inspiring",medium,,,,,,4.5,"","","","",No
Rêveuse bourgeoisie,Pierre Drieu La Rochelle,"",9782070740871,paperback,read,2023/08/27,2025/05/04,2025/05/04,1,"",,,,,,,5.0,Sans aucun doute son meilleur livre.,"",,"",No
Les Folles enquêtes de Magritte et Georgette - Liège en eaux troubles,Nadine Monfils,"",9782221260913,digital,read,2023/05/08,2023/05/21,2023/05/21,1,"",,,,,,,3.0,,"",,"",No
Noir volcan,Cécile Coulon,"",9791027802449,paperback,read,2022/04/16,2022/04/21,2022/04/21,1,"",,,,,,,5.0,,"",,"",No
Eurotrash,Christian Kracht,Daniel James Bowles (Translator),9781805223047,paperback,to-read,2025/06/16,"","",0,"",,,,,,,,,"",,"",No
"Les aventuriers de la mémoire perdue: Léonard, Érasme, Michelet et les autres",Jean-Christophe Saladin,"",9782251451442,,read,2021/08/20,2021/09/25,2021/09/25,1,"",,,,,,,5.0,,"",,"",No
La Zone d'inconfort: Une Histoire Personnelle,Jonathan Franzen,"",9782757810118,paperback,read,2025/10/11,2025/10/16,2025/10/11-2025/10/16,1,"",,,,,,,3.5,"","","","",No
Le peigne de Cléopâtre,Maria Ernestam,"",9782330056353,paperback,did-not-finish,2024/03/29,"","",0,"",,,,,,,,,"",,"abandonné, litt-rature",No
Le Chardonneret,Donna Tartt,Édith Soonckindt (Translator),9782259221863,paperback,read,2015/09/04,2015/09/04,2015/09/04,1,"",,,,,,,2.0,,"",,"",No
Et Dormir Dans l'Oubli comme le Requin Dans l'Onde,"Pierre Guglielmina, Steven Hall",Steven Hall (Translator),9782221256237,paperback,read,2022/02/20,2022/03/04,2022/03/04,1,"",,,,,,,4.0,,"",,"",No
L'atelier de la nature: 1860-1910 : invitation à la collection Terra,Katherine M. Bourguignon,"",9782711875351,,read,2022/03/06,2022/03/06,2022/03/06,1,"",,,,,,,5.0,,"",,"",No
Les empêchés,Stéphanie Vasseur,"",9791095668053,,read,2017/09/29,2017/09/29,2017/09/29,1,"",,,,,,,4.0,,"",,"",No
Au bord des fleuves qui vont,"António Lobo Antunes, Dominique Nédellec",António Lobo Antunes (Translator),9782267027242,digital,read,2016/04/25,2016/09/03,2016/09/03,1,"",,,,,,,2.0,Oui certain passages sont très beaux. <br><br>Pour le reste le livre est d'un ennuie mortel. Chaque chapitre est une interminable phrase. C'est très difficile de comprendre ce qu'il se passe. J'ai été complètement perdu dans ce livre et il m'esy tombe des mains.,"",,"",No
« Art »,Yasmina Reza,Jocelyne Hubert (Contributor),9782210754478,paperback,read,2016/01/24,2016/01/01,2016/01/01,1,"",,,,,,,5.0,,"",,"",No
Ethan Frome,Edith Wharton,"",9781566196741,hardcover,read,2015/08/02,2015/03/01,2015/03/01,1,"",,,,,,,5.0,,"",,"",No
Comment Se Sortir D'une Poupée Gonflable Et De Beaucoup D'autres Ennuis Encore,"Tom Sharpe, Tom Sharpe","",,,read,2020/05/17,2020/05/17,2020/05/17,1,"",,,,,,,4.0,,"",,"",No
Fort Alamo,Fabrice Caro,"",9782073085153,paperback,to-read,2024/10/17,"","",0,"",,,,,,,,,"",,"",No
Être un chêne. Sous l'écorce de Quercus,Laurent Tillon,"",9782330144968,digital,read,2021/04/05,2021/08/16,2021/08/16,1,"",,,,,,,3.0,,"",,"",No
Vivre vite,Brigitte Giraud,"",9782080207340,paperback,read,2022/12/25,2022/12/31,2022/12/31,1,"",,,,,,,5.0,,"",,"",No
Un certain M. Piekielny,François-Henri Désérable,"",9782072824272,paperback,to-read,2023/06/15,"","",0,"",,,,,,,,,"",,"",No
Pour En Finir Avec Le Moyen GE,Régine Pernoud,"",9782757841075,paperback,read,2021/12/26,2021/12/26,2021/12/26,1,"",,,,,,,4.0,,"",,"",No
La Clarté Notre-Dame,Philippe Jaccottet,"",9782072939570,paperback,to-read,2025/06/16,"","",0,"",,,,,,,,,"",,"",No
Aan zee,Dörte Hansen,Lucienne Pruijs,"",hardcover,to-read,2025/06/16,"","",0,"",,,,,,,,,"",,"",No
Il nous fallait des mythes: la Révolution et ses imaginaires de 1789 à nos jours,Emmanuel de Waresquiel,"",9791021062399,,to-read,2024/10/17,"","",0,"",,,,,,,,,"",,"",No
Humus,Gaspard Kœnig,"",9791032927823,paperback,read,2024/10/17,2026/04/03,2026/04/03-2026/04/03,2,"",,"","","","","",5.0,"","","","",No
Le tiers temps: roman,Maylis Besserie,"",9782072878398,paperback,did-not-finish,2020/07/13,"","",0,"",,,,,,,,,"",,abandonné,No
Peste & Choléra,Patrick Deville,"",9782021077209,paperback,read,2016/05/11,2016/01/01,2016/01/01,1,"",,,,,,,5.0,,"",,"",No
Le Navire aux esclaves,Robin Hobb,Arnaud Mousnier-Lompré (Translator),9782290337059,paperback,read,2025/07/10,2025/08/12,2025/07/10-2025/08/12,1,adventurous,medium,"","","","","",4.5,"","","","",No
La délicatesse,David Foenkinos,"",9782070126415,paperback,read,2020/05/30,"","",1,"",,,,,,,3.0,,"",,"",No
La Fête du siècle,"Niccolò Ammaniti, Myriem Bouzaher","",,,read,2015/08/02,2015/07/01,2015/07/01,1,"",,,,,,,3.0,,"",,"",No
Juste la fin du monde,Jean-Luc Lagarce,"",9782912464880,paperback,read,2016/05/21,2016/05/24,2016/05/24,1,"",,,,,,,5.0,Une écriture très poétique. Un livre assez bouleversant. Ce livre est une oeuvre d'art à part entière.,"",,"",No
La Cité des nuages et des oiseaux,Anthony Doerr,Marina Boraso (Translator),9782226461537,paperback,read,2023/01/23,2024/05/19,2024/05/19,1,"",,,,,,,5.0,,"",,"",No
Marthe Richard ou les beaux mensonges,Nicolas d'Estienne d'Orves,"",9782757883440,,read,2024/12/01,2024/12/08,2024/12/08,1,"",,,,,,,5.0,,"",,"",No
Les Dépossédés,Christophe Guilluy,"","",hardcover,read,2023/10/24,2023/10/28,2023/10/28,1,"",,,,,,,4.0,,"",,"",No
Pourquoi les poètes inconnus restent inconnus,"Richard Brautigan, Romain Rabier, Thierry Beauchamp","",9782859205218,,read,2020/05/26,2020/01/01,2020/01/01,1,"",,,,,,,3.0,,"",,"",No
Justin Coudures,Adrien Girault,"","",paperback,read,2024/01/05,2024/01/06,2024/01/06,1,"",,,,,,,3.0,,"",,litt-rature,No
Bien sûr que les poissons ont froid,Fanny Ruwet,"",9782378803490,paperback,read,2023/07/03,2023/07/03,2023/07/03,1,"",,,,,,,5.0,,"",,"",No
Les spectres de la terre brisée,S. Craig Zahler,Janique Jouin-de Laurens (Translator),9782351787168,paperback,read,2023/07/15,2023/08/09,2023/08/09,1,"",,,,,,,3.0,,"",,"",No
Garden of love,Marcus Malte,"",9791038701045,paperback,to-read,2023/02/27,"","",0,"",,,,,,,,,"",,"",No
Confiteor,Jaume Cabré,Ευρυβιάδης Σοφός (Translator),9789604355075,paperback,read,2020/05/17,2020/05/17,2020/05/17,1,"",,,,,,,2.0,,"",,"",No
Les vivants,Ambre Chalumeau,"",9782234097650,paperback,read,2025/04/18,"","",1,"",,"","","","","",4.0,"","","","",No
La fille de l'assassin,Robin Hobb,Arnaud Mousnier-Lompré (Translator),9782756415079,digital,read,2024/01/14,2024/01/26,2024/01/26,1,"",,,,,,,5.0,,"",,litt-rature,No
Lettre à mon juge,Georges Simenon,"",9782253142768,paperback,to-read,2025/04/08,"","",0,"",,,,,,,,,"",,"",No
Nat Tate: An American Artist: 1928-1960,William Boyd,"",,digital,to-read,2025/09/14,"","",0,"",,,,,,,,,"",,"",No
La guerre par d'autres moyens,Karine Tuil,"",9782073072764,paperback,to-read,2025/03/15,"","",0,"",,,,,,,,,"",,"",No
"Talleyrand, le prince immobile",Charles Emmanuel De Warnery,"",9791021008779,paperback,currently-reading,2026/02/22,"","",0,"",,,,,,,,,"",,"",Yes
L'Idiot (Vol. 2) Livres 3 & 4,Fyodor Dostoevsky,André Markowicz (Translator),9782742736461,paperback,read,2021/04/05,2021/12/20,2021/12/20,1,"",,,,,,,3.0,,"",,"",No
L'Amour aux temps du choléra,Gabriel García Márquez,"",9782246376316,paperback,read,2017/03/01,2017/05/25,2017/05/25,1,"",,,,,,,5.0,Un livre magnifique porté par une écriture à la sensibilité magique. Une expérience de lecture comme on en vit peu.,"",,"",No
Le Prieuré de l'Oranger - Partie II,Samantha Shannon,"Benjamin Kuntzer (Translator), Jean-Baptiste Bernet (Translator)",9782290255858,paperback,read,2024/12/08,2024/12/26,2024/12/26,1,"",,,,,,,2.0,,"",,"",No
La géante et le naufrageur,Léo Henry,Philippe Gady (Illustrator),9782381630908,paperback,did-not-finish,2023/09/05,"","",0,"",,,,,,,,,"",,abandonné,No
Les fleurs se racontent,Sylvie Lagorce,"",9782816020229,hardcover,read,2024/06/22,2024/06/22,2024/06/22,1,"",,,,,,,4.0,,"",,"",No
Plop,Rafael Pinedo,"",9789871180059,paperback,read,2021/07/11,2021/07/11,2021/07/11,1,"",,,,,,,4.0,,"",,"",No
